date,lg,g,g1,g2,lp,p,p1,p2,epu,epu.yoy.q,spx,spx.yoy.q,ts,ts.yoy.q,trend,actual,gdpgap,priceblendy,pricetarget,pricespread,cpi,corecpi,pce,lftd,ftd,lftd2,ftd2,lr,r
2000-02-02,1.389743239240881,1.4190054603060385,0.9220273343390407,0.5588711026828085,1.0755786036684958,2.0304568527918825,1.6192,1.7789,-0.9001182990433187,-0.12349291912455643,1.2636565976150556,0.1846261796416104,-1.122374227824896,0.34488713257186127,0.032129430858991226,0.04158666882290163,0.009457237963910403,1.936218678815493,2,-0.06378132118450708,2.6192699999999998,2.0557166666666666,7.546313333333333,0.0,1.0,0.0,1.0,5.5,5.75
2000-03-21,1.389743239240881,1.688650203357069,0.7809990140579823,0.7678017895222852,1.0755786036684958,1.992146346135467,1.7649,1.7072,-0.8839353841126755,0.0696524992042366,1.2202028744204787,0.12905758344280335,-1.3211638401108836,-0.6916797488226063,0.03213211631246882,0.04424186072679426,0.01210974441432544,2.1046643913538046,2,0.10466439135380456,2.83442,1.992,8.02532,1.0,1.0,1.0,1.0,5.75,6.0
2000-05-16,1.7725624451001316,1.321205683176201,0.7809990140579823,0.7678017895222852,1.9493549928332188,2.6626093571700373,1.7649,1.7072,-0.9184702390604028,0.7358917723927411,1.2800941684537557,0.09725109887187147,-1.4316025136030988,-2.5151383099658964,0.031827071085905434,0.04913096006220741,0.017303888976301973,2.3850085178875737,2,0.38500851788757373,3.1738633333333333,2.14123,8.610316666666666,1.0,1.0,1.0,2.0,6.0,6.5
2000-06-28,1.7725624451001316,1.3223122205993005,1.0340410195924152,0.8887091660691879,1.9493549928332188,2.6626093571700373,2.4403,2.0589,-0.7361610496520764,1.0233210701075304,1.3161562020358275,0.08918448350891188,-1.4426463809523202,-2.552869052130136,0.03182708198837325,0.04914188108681827,0.017314799098445022,2.3190045248868745,2,0.3190045248868745,3.2572466666666666,2.303713333333333,8.36108,1.0,0.0,2.0,0.0,6.5,6.5
2000-08-22,1.1855880054160446,1.2728736482517027,1.0340410195924152,0.8887091660691879,3.2665463868578457,2.486578129415076,2.4403,2.0589,-0.9635988230017452,0.585206962094375,1.3252829433535833,0.09149693148882845,-1.4647341156507634,-2.345104150617603,0.031886723750662815,0.058119383380359935,0.02623265962969712,1.676829268292688,2,-0.32317073170731203,3.44605,2.3531366666666664,7.9810300000000005,0.0,0.0,0.0,0.0,6.5,6.5
2000-10-03,1.1855880054160446,1.3827541939554862,0.8389910622206984,0.7957898773823172,3.2665463868578457,2.373551850805295,2.1514,2.2534,-0.5585640818601149,0.3121991958099623,1.317209663132936,0.10202338689274434,-1.2107251666186682,-2.2595069033530573,0.031887792759898614,0.059203790042454685,0.02731599728255607,1.74954835029001,2,-0.25045164970999,3.55973,2.519233333333333,7.822103333333334,0.0,0.0,0.0,0.0,6.5,6.5
2000-11-15,1.3827541939554862,0.6792647200850003,0.8389910622206984,0.7957898773823172,2.373551850805295,1.9850187265917647,2.1514,2.2534,-0.11607127136854566,0.8427208684138411,1.2263768252217697,0.08327718813543092,-1.1996812992694468,-1.9993993336979765,0.03191569471201272,0.052111527218745124,0.020195832506732403,1.706808268537845,2,-0.29319173146215505,3.468413333333333,2.53283,7.8714466666666665,0.0,0.0,0.0,0.0,6.5,6.5
2000-12-19,1.3827541939554862,0.5859060618742594,0.8024450555306692,0.8185366789296192,2.373551850805295,1.910112359550581,2.1413,2.2429,0.288390519750251,1.5871698194478863,1.1534333909117853,0.021379572292083846,-1.144461962523339,-1.8031137188603252,0.03191479157391175,0.05118380917847176,0.019269017604560013,1.694433926542982,2,-0.30556607345701803,3.450336666666667,2.5597333333333334,7.730783333333334,0.0,0.0,0.0,0.0,6.5,6.5
2001-01-03,1.3827541939554862,0.5429825408578305,0.8024450555306692,0.8185366789296192,2.373551850805295,1.5730337078651748,2.1413,2.2429,0.4157783569698262,1.726623978225102,1.1381533973460005,-0.014565395149218514,-0.5812247277130411,-1.6619977408212707,0.031914376056934035,0.05075698315694588,0.018842607100011843,1.6937925813777364,2,-0.30620741862226364,3.450336666666667,2.5597333333333334,7.554866666666666,0.0,-1.0,0.0,-2.0,6.5,6.0
2001-01-31,1.3827541939554862,0.5429825408578305,0.8024450555306692,0.8185366789296192,2.373551850805295,1.5730337078651748,2.1413,2.2429,0.22651191728423647,2.014299719194864,1.1455405478389615,-0.053041229311955256,-0.5812247277130411,-0.9557599263481618,0.031914376056934035,0.05075698315694588,0.018842607100011843,1.6937925813777364,2,-0.30620741862226364,3.4237633333333335,2.5746,7.554866666666666,-1.0,-1.0,-2.0,-2.0,6.0,5.5
2001-03-20,0.5429825408578305,0.26362132451038717,0.2106046907408315,0.5354675044845225,1.5730337078651748,1.9026301063234663,2.3589,1.8952,0.347240672095574,2.002740197728502,0.9943909043813515,-0.08403524491697667,-0.41556671747471824,-2.480778480778481,0.031934955700210876,0.033566845014316726,0.00163188931410585,1.7545514574096779,2,-0.24544854259032212,3.511976666666667,2.56932,6.493916666666667,-1.0,-1.0,-2.0,-2.0,5.5,5.0
2001-04-18,0.5429825408578305,0.2582848604514726,0.2106046907408315,0.5354675044845225,1.5730337078651748,1.9772430516694688,2.3589,1.8952,-0.2903533140283995,1.7302798414842893,0.8978995183043149,-0.1239270557624305,-0.0179874929027433,-3.4263333775528904,0.03193490452737846,0.03351361926794638,0.0015787147405679214,1.6655688341018258,2,-0.33443116589817423,3.4077466666666667,2.6881633333333332,6.07594,-1.0,-1.0,-2.0,-2.0,5.0,4.5
2001-05-15,0.2582848604514726,0.49181898506444643,0.2106046907408315,0.5354675044845225,1.9772430516694688,3.1183294663573213,2.3589,1.8952,-0.10121549577650657,1.7785119318167215,1.0230800207369821,-0.148880632662982,0.22497758878013013,-3.7349193202851745,0.031951873916546525,0.026633604621695284,-0.005318269294851241,1.652582159624418,2,-0.3474178403755821,3.4077466666666667,2.6881633333333332,5.706916666666667,-1.0,-1.0,-2.0,-2.0,4.5,4.0
2001-06-27,0.2582848604514726,0.32787932337629766,0.3082659773938322,0.48685183229486073,1.9772430516694688,3.1925754060324807,2.266,1.8441,-0.657538275090194,0.9919373486513051,1.0173548535063555,-0.1467887375760874,0.30228466022468087,-3.776212203683321,0.03195032353965965,0.025000899269707944,-0.0069494242699517095,1.6693238300665867,2,-0.3306761699334133,3.309913333333333,2.63842,5.2228433333333335,-1.0,-1.0,-2.0,-1.0,4.0,3.75
2001-08-21,0.32889433463386714,0.18319138679094074,0.3082659773938322,0.48685183229486073,3.228799406197827,2.2457432121491006,2.266,1.8441,-0.22565673287865315,0.8242533278909827,0.9502135543480372,-0.164227594539257,0.31332852757390245,-4.450815281985881,0.031895113490701066,0.013153410670678767,-0.0187417028200223,1.7683383233532939,2,-0.23166167664670612,3.2169866666666667,2.6837666666666666,5.543383333333334,-1.0,-1.0,-1.0,-1.0,3.75,3.5
2001-09-17,0.32889433463386714,0.04178049172424486,0.3036913469352799,0.6855010660980733,3.228799406197827,2.2089277496548343,1.8524,1.9732,0.3002119987927944,1.3029555983178787,0.8889538693610417,-0.20124853074409457,0.7550832215427636,-4.9307208671546245,0.03189378872645765,0.011740890371617851,-0.0201528983548398,1.7178601437774284,2,-0.28213985622257165,3.2169866666666667,2.6837666666666666,5.3969466666666674,-1.0,-1.0,-1.0,-2.0,3.5,3.0
2001-10-02,0.32889433463386714,0.07713321549092857,0.3036913469352799,0.6855010660980733,3.228799406197827,2.098481362172087,1.8524,1.9732,2.497451950643922,2.557601453513781,0.7758793990336345,-0.22414803503702857,1.0090921705748588,-5.437188217462052,0.03189412009283066,0.012094207541688107,-0.01979991255114255,1.5483630258371521,2,-0.45163697416284787,2.9171633333333333,2.715146666666667,5.17033,-1.0,-1.0,-2.0,-2.0,3.0,2.5
2001-11-06,0.07713321549092857,-0.08884892471392884,0.3036913469352799,0.6855010660980733,2.098481362172087,2.124153085515467,1.8524,1.9732,1.5419759375658542,3.4826127051289197,0.8054169804966008,-0.24086708008270366,1.0422237726225234,-8.151147382029736,0.03188661458021791,0.007884516602880254,-0.024002097977337655,0.493344503397549,2,-1.506655496602451,2.6970533333333333,2.672093333333333,4.03913,-1.0,-1.0,-2.0,-2.0,2.5,2.0
2001-12-11,0.07713321549092857,-0.2665467741417671,-0.48749651788201515,0.022610062554510316,2.098481362172087,2.124153085515467,1.4652,1.8273,0.21685361689932936,3.082059410191402,0.8852108174851843,-0.21341271002139928,1.1637063134639598,-11.91653199741435,0.031884965407559474,0.006104374364870324,-0.02578059104268915,1.5899581589958234,2,-0.4100418410041766,2.4991133333333337,2.666686666666667,3.999943333333333,-1.0,-1.0,-2.0,-1.0,2.0,1.75
2002-01-30,0.07713321549092857,-0.3350567883790005,-0.48749651788201515,0.022610062554510316,2.098481362172087,2.234023072697306,1.4652,1.8273,0.5591152519678683,0.5627683463721155,0.8812912282629712,-0.1522460757978647,1.1968379155116242,-9.328296703296703,0.03188432879771641,0.005417207184420292,-0.02646712161329612,1.6158989598811246,2,-0.38410104011887536,1.85578,2.7473799999999997,3.603123333333334,-1.0,0.0,-1.0,0.0,1.75,1.75
2002-03-19,-0.3350567883790005,0.3469238700807816,0.3542444931083344,0.6546434760284846,2.234023072697306,-0.2549394518801536,1.6688,1.4782,-0.4110236045516928,0.18010453209119856,0.8738316566641311,-0.122822298775581,0.8765657623842003,0.11500999000998942,0.03187087982918135,0.004161622601268178,-0.027709257227913175,1.1834319526627228,2,-0.8165680473372772,1.5265700000000002,2.67142,3.8971733333333334,0.0,0.0,0.0,0.0,1.75,1.75
2002-05-07,0.4102938649252527,1.4280213080033375,0.3542444931083344,0.6546434760284846,-0.10925976509150918,0.8014571948998137,1.6688,1.4782,-0.4700374569035401,0.12207735651249785,0.820894865253332,-0.08026062529069931,1.0753553746701878,1.9288110945749763,0.0318647773620262,0.015688597027319062,-0.016176180334707135,1.134163208852009,2,-0.865836791147991,1.2316533333333333,2.5132033333333332,3.93022,0.0,0.0,0.0,0.0,1.75,1.75
2002-06-26,0.4102938649252527,1.3659799328241546,0.619219371236331,0.7974685600758334,-0.10925976509150918,0.9471766848816217,1.6461,1.7035,-0.4953875721995186,0.2860747108131775,0.7220579634887153,-0.12450530696430882,1.1195308440670737,0.8206297478980547,0.0318642241416065,0.01507673102797824,-0.01678749311362826,1.3451262207481056,2,-0.6548737792518944,1.4151833333333332,2.5030966666666665,4.147433333333333,0.0,0.0,0.0,0.0,1.75,1.75
2002-08-13,1.2369172216936408,0.26379870129868965,0.619219371236331,0.7974685600758334,1.31171433776644,1.1621572544034615,1.6461,1.7035,0.6651226990496687,0.5159742118548829,0.5166781521300967,-0.2110292087675908,1.3293643237022827,0.6918685163053625,0.03177658362432734,0.020968423371716227,-0.01080816025261111,1.610231873389768,2,-0.38976812661023197,1.2981733333333334,2.4624333333333333,4.2160633333333335,0.0,0.0,0.0,0.0,1.75,1.75
2002-09-24,1.2369172216936408,0.2819548872180412,0.5946803864548996,0.6519882825934855,1.31171433776644,1.1258398402033858,1.6029,1.8157,0.03070917019530129,0.5993574441811884,0.5379794902504472,-0.2193154412251874,1.0422237726225234,0.588143124520877,0.03177674536287234,0.021149491139485832,-0.010627254223386506,1.449275362318839,2,-0.550724637681161,1.4275066666666667,2.3080733333333336,4.37441,0.0,0.0,0.0,0.0,1.75,1.75
2002-11-06,0.3118591934381291,0.7750947574634928,0.5946803864548996,0.6519882825934855,1.2347920828037169,1.1223750905141283,1.6029,1.8157,0.28661320539370594,0.15977244927120055,0.5232549976783851,-0.19611577359297402,1.3293643237022827,0.29810951578729816,0.03175733761458632,0.029897785438917523,-0.0018595521756687994,2.71618625277163,2,0.7161862527716298,1.5766333333333333,2.2853133333333333,5.452236666666667,0.0,-1.0,0.0,-2.0,1.75,1.25
2002-12-10,0.3118591934381291,0.9752565904348235,0.33075370832099454,0.6354284072779907,1.2347920828037169,0.9775524981897031,1.7004,1.9629,0.11012121264578034,-0.11041880046059178,0.5694920626746389,-0.19433530322817244,1.395627527797612,0.12816076567446655,0.03175908891452073,0.03188203872331741,0.0001229498087966796,1.7649748513946109,2,-0.23502514860538914,1.7822633333333335,2.2809033333333333,4.917186666666667,-1.0,0.0,-2.0,0.0,1.25,1.25
2003-01-29,0.3118591934381291,0.9922916400494095,0.33075370832099454,0.6354284072779907,1.2347920828037169,1.0137581462708223,1.7004,1.9629,1.3403793795317362,0.34105566523787445,0.5520753938558215,-0.2061212748039144,1.5281539359882703,0.13066616330825953,0.03175923780112666,0.03205072968188105,0.0002914918807543909,1.541830124988594,2,-0.45816987501140605,2.25404,2.07545,4.726706666666667,0.0,0.0,0.0,0.0,1.25,1.25
2003-03-18,0.9922916400494095,0.35738382390148893,0.5379345904537333,0.6769607175643365,1.0137581462708223,1.6251354279522883,1.9997,1.7503,1.6848275789731295,1.3254209543342637,0.46358810325539324,-0.23720368129387268,1.4508468645437198,0.1888264203432547,0.03173838586678435,0.028848513036619394,-0.0028898728301649523,1.4582573824279934,2,-0.5417426175720066,2.4233833333333332,1.946246666666667,4.8545766666666665,0.0,0.0,0.0,0.0,1.25,1.25
2003-05-06,0.3436788395040942,0.3971339118740862,0.5379345904537333,0.6769607175643365,1.7695919104369622,2.51685393258428,1.9997,1.7503,0.4510674012333247,1.6778319950221234,0.5541266939546297,-0.2277676598518726,1.3514520584007257,0.26598725964654085,0.03171471565203077,0.020382117059950744,-0.011332598592080023,1.508679451058799,2,-0.4913205489412009,2.88357,1.8346099999999999,4.580526666666667,0.0,0.0,0.0,0.0,1.25,1.25
2003-06-25,0.3436788395040942,0.4696266100733217,0.4469966513185449,0.8306841071956046,1.7695919104369622,2.480898876404486,1.6537,1.6974,-0.3724313280136957,0.7326665213020662,0.6688903071162197,-0.13288868841829812,1.2962327216546183,0.18538800044475753,0.03171533773967461,0.0211039159395483,-0.010611421800126308,1.2598567932565945,2,-0.7401432067434055,2.4576999999999996,1.5997166666666667,4.473573333333333,0.0,-1.0,0.0,-1.0,1.25,1.0
2003-08-12,0.355109159294817,0.5873115577889485,0.4469966513185449,0.8306841071956046,2.3370786516854136,0.9651474530830956,1.6537,1.6974,-0.2046446677555563,0.12395810757256814,0.6694923756351282,0.01319887990056716,1.8373822217664728,0.15015233213516765,0.0316896169591121,0.022705641100202456,-0.008983975858909643,1.32983535371811,2,-0.67016464628189,2.153783333333333,1.50903,4.63879,-1.0,0.0,-1.0,0.0,1.0,1.0
2003-09-16,0.355109159294817,0.7694723618090452,0.8727011583976059,0.9521871243660971,2.3370786516854136,0.8579088471849683,1.4016,1.4973,-0.3125931292004251,-0.011073052853671923,0.7052032530607406,0.08686113442430987,1.8042506197188086,0.21868581336794637,0.031691158071731396,0.024514975259886995,-0.0071761828118444,1.364540032532085,2,-0.6354599674679151,2.1134633333333332,1.5244633333333333,4.799236666666666,0.0,0.0,0.0,0.0,1.0,1.0
2003-10-28,0.355109159294817,0.8103015075376847,0.8727011583976059,0.9521871243660971,2.3370786516854136,1.0008936550491552,1.4016,1.4973,-0.6641155074951703,-0.1069255994039314,0.7376522396387413,0.1557881059498978,1.7821628850203655,0.2769313300170052,0.03169150311164182,0.02492006695637272,-0.006771436155269095,1.2889850369569198,2,-0.7110149630430802,2.197486666666667,1.3440666666666665,5.134506666666667,0.0,0.0,0.0,0.0,1.0,1.0
2003-12-09,0.8103015075376847,1.9918167279373697,0.9853427509900793,0.9729792668815825,1.0008936550491552,1.675878053128896,1.5353,1.7801,-0.7989458485827765,-0.32583866705911113,0.7631195479198251,0.1829827530777427,1.583373272734378,0.2155577172377241,0.031679481188503944,0.034768455331557035,0.0030889741430530915,1.1866235167206107,2,-0.8133764832793893,2.193216666666667,1.2715633333333332,5.58688,0.0,0.0,0.0,0.0,1.0,1.0
2004-01-28,0.7629475828566916,1.9906106937006223,0.9853427509900793,0.9729792668815825,1.0536025027814004,1.6312594840667938,1.5353,1.7801,-0.17658180949432536,-0.4157586623094647,0.8653768196971637,0.20233320173800678,1.6165048747820427,0.07976741107790017,0.03210554012562672,0.03537453920062106,0.0032689990749943387,0.8158172569344548,2,-1.1841827430655452,1.9111466666666665,1.1816700000000002,5.644406666666668,0.0,0.0,0.0,0.0,1.0,1.0
2004-03-16,1.9906106937006223,1.0111406543347567,1.094129526002396,1.0522590867247221,1.6312594840667938,1.1976952866723078,1.4014,1.4003,-0.520708455351475,-0.4915799893936629,0.8795697149554629,0.3092405651389622,1.461890731892941,0.035356969089630035,0.03209620118591783,0.04224134736380414,0.01014514617788631,0.8384139046543367,2,-1.1615860953456631,1.8523633333333336,1.1284733333333332,5.269723333333332,0.0,0.0,0.0,0.0,1.0,1.0
2004-05-04,1.0197177192631348,1.0235752492901011,1.094129526002396,1.0522590867247221,1.5112874279776762,2.457890279476826,1.4014,1.4003,-0.8062129595866745,-0.539579638910489,0.868064460575179,0.31517581646462983,1.395627527797612,0.00332229645695072,0.032089202305527476,0.047640348274597955,0.015551145969070479,1.4168238256157821,2,-0.5831761743842179,1.8023733333333334,1.3168266666666668,5.98283,0.0,0.0,0.0,0.0,1.0,1.0
2004-06-30,1.0197177192631348,0.9622550730653484,1.1057841361148875,1.0164483023666664,1.5112874279776762,2.819234026536217,2.1667,1.6832,-0.4821220252422826,-0.22884546194726144,0.8700168389090535,0.19915578344704427,1.1526624461147386,-0.022994565791637375,0.032088702678965575,0.047033175206953715,0.01494447252798814,1.639031099564461,2,-0.360968900435539,2.343253333333333,1.69514,6.420376666666667,0.0,1.0,0.0,1.0,1.0,1.25
2004-08-10,1.1038967176084689,0.7525122692217808,1.1057841361148875,1.0164483023666664,2.732066125007016,3.1570904075889765,2.1667,1.6832,-0.7016671197059802,-0.007088068595149169,0.8185156810555619,0.13698799486403393,0.9317850991303079,-0.14099816234268472,0.03207981991813158,0.046587174089991024,0.014507354171859443,1.5477459640572693,2,-0.4522540359427307,2.835296666666667,1.7798366666666665,5.84768,1.0,1.0,1.0,1.0,1.25,1.5
2004-09-21,1.1038967176084689,0.690815611124091,0.8600853590647684,0.9890071476537738,2.732066125007016,3.186909443315892,1.9895,2.2488,-0.5233919661727054,0.07788355820999036,0.8455053247980931,0.10857350812038957,0.7440393541935421,-0.28990014954149496,0.03207932163534055,0.04597462801387131,0.013895306378530758,1.4770500846474266,2,-0.5229499153525734,2.95449,1.7583633333333335,6.058976666666666,1.0,1.0,1.0,1.0,1.5,1.75
2004-11-10,0.8151437251694389,0.9151854015410619,0.8600853590647684,0.9890071476537738,3.186909443315892,1.260989747524737,1.9895,2.2488,-0.01586932808953771,0.6276968855074537,0.8618232593453452,0.08944535901819667,0.4568988031137824,-0.3771538675857216,0.032074093827728856,0.0384572727260899,0.006383178898361042,1.5163470771102883,2,-0.48365292288971173,2.711116666666667,1.80812,5.719449999999999,1.0,1.0,1.0,1.0,1.75,2.0
2004-12-14,0.8151437251694389,0.9736014910011405,0.9124354521564961,0.8312706961782844,3.186909443315892,1.2942710018582348,1.7999,2.1978,-0.9837046916601564,0.556117288807887,0.9398884782922626,0.09891823085132792,0.324372394923124,-0.419772125333392,0.03207455922281155,0.03903596847229274,0.0069614092494811874,1.4546110125345162,2,-0.5453889874654838,2.7953233333333336,1.89222,5.953963333333333,1.0,1.0,1.0,1.0,2.0,2.25
2005-02-02,0.985655604699243,0.777706363052068,0.9124354521564961,0.8312706961782844,1.4126043505995434,1.989848089837927,1.7999,2.1978,-0.8499968649029992,-0.02452904556378114,0.9360296740825116,0.0885044002867859,-0.15051390109340163,-0.5061316622394595,0.03206906024830847,0.03665215143608158,0.004583091187773114,1.4713257070406076,2,-0.5286742929593924,3.391153333333333,2.1473766666666667,6.484426666666667,1.0,1.0,1.0,1.0,2.25,2.5
2005-03-22,0.985655604699243,0.9393076852446909,0.9164609090991893,0.903840709089536,1.4126043505995434,2.0782857827196173,2.0022,1.9219,-0.8277044318717339,-0.019596123515042755,0.9634241230246621,0.0575947638485351,-0.1726016357918447,-0.6140161027649642,0.032070334240605014,0.03825440950565984,0.0061840752650548225,1.6083486801718738,2,-0.3916513198281262,3.277146666666667,2.1962733333333335,6.075116666666666,1.0,1.0,1.0,1.0,2.5,2.75
2005-05-03,0.9484895785510905,0.7631227090401523,0.9164609090991893,0.903840709089536,2.240421553002751,3.220989565679387,2.0022,1.9219,-0.6122693768575459,0.1446523731441712,0.9113642554939546,0.046164276399122524,-0.4707860542208259,-0.6759543694555621,0.03206607275431028,0.034969143939434844,0.0029030711851245616,1.6737070871475443,2,-0.32629291285245565,3.001293333333333,2.2904933333333335,5.968393333333334,1.0,1.0,1.0,1.0,2.75,3.0
2005-06-30,0.9484895785510905,0.9268439100261178,0.7417089418858628,0.8639052045595544,2.240421553002751,2.854551617365481,2.4208,2.0829,-0.8271899461369446,0.15580401851604544,0.9643980266585758,0.051586083073338874,-0.6254001971099273,-0.7622109182226884,0.03206734912394027,0.03659263805459467,0.004525288930654403,1.6207074740451866,2,-0.37929252595481344,3.1400666666666663,2.2465266666666666,6.340613333333334,1.0,1.0,1.0,1.0,3.0,3.25
2005-08-09,0.9378642024024639,0.8427809042393674,0.7417089418858628,0.8639052045595544,3.047833549781579,2.386660657954004,2.4208,2.0829,-0.9105892530320405,-0.0013471808287047627,1.0041792165848438,0.08609499815467415,-0.7800143399990287,-0.8179992880775105,0.03200367840263296,0.03559728210935553,0.00359360370672257,1.916992542954994,2,-0.0830074570450059,2.9352766666666668,2.157363333333333,6.51729,1.0,1.0,1.0,1.0,3.25,3.5
2005-09-20,0.9378642024024639,0.8118698462629539,1.033862243058055,0.8880956315681816,3.047833549781579,2.408292023433951,2.1168,2.1817,-0.32588206187287855,0.03517668750231789,0.9941121692661026,0.10452557063535382,-0.7468827379513641,-0.8484676476696611,0.032003440085629276,0.03529070789345212,0.0032872678078228468,1.8407482352502256,2,-0.15925176474977443,3.082076666666667,2.1344833333333333,6.355593333333334,1.0,1.0,1.0,1.0,3.5,3.75
2005-11-01,0.8173247388470308,0.9378494390938932,1.033862243058055,0.8880956315681816,2.54168544389364,3.084501365814354,2.1168,2.1817,-0.7161662631409493,0.03177625480396174,0.9488748928489371,0.09560128049765587,-0.890453013491244,-0.8653123954635467,0.03199655748866803,0.03493658221641027,0.002940024727742241,1.985898723815907,2,-0.01410127618409307,3.801553333333333,2.09756,6.981746666666666,1.0,1.0,1.0,1.0,3.75,4.0
2005-12-13,0.8173247388470308,1.0541788406738055,0.7905692742021921,0.9182134946094082,2.54168544389364,2.977027450629181,2.6241,2.5638,-0.9331973932187447,0.04172492886231085,1.0360539143271583,0.06886005007214854,-0.9456723502373516,-0.8905085845766665,0.031997442908913376,0.03608840405246738,0.004090961143554006,1.820121526972497,2,-0.17987847302750293,4.195406666666667,2.0599166666666666,6.590563333333333,1.0,1.0,1.0,1.0,4.0,4.25
2006-01-31,1.0199112650145956,0.2785142336841607,0.7905692742021921,0.9182134946094082,3.2672070216290963,2.9848889994403454,2.6241,2.5638,-0.8341296571277949,0.3454683243047713,1.066276993895349,0.06414951447425649,-1.0008916869834592,-0.9451021598905135,0.03198721840759222,0.03040368658509074,-0.0015835318225014827,1.938730205712598,2,-0.06126979428740209,3.7171366666666668,2.10218,6.068676666666668,1.0,1.0,1.0,1.0,4.25,4.5
2006-03-28,1.0199112650145956,0.4043812431375797,1.0815863266123649,0.827793923381763,3.2672070216290963,3.2727175815292457,2.4559,2.1397,-0.9265500036681158,0.3998983438927095,1.086700117600353,0.07325401086004266,-1.0340232890311238,-1.0336091424657519,0.03198817200769377,0.031658073767999895,-0.00033009823969387675,1.7910668007046149,2,-0.20893319929538512,3.67142,2.1109899999999997,6.3463866666666675,1.0,1.0,1.0,1.0,4.5,4.75
2006-05-10,0.41062995991894524,1.1832899193655964,1.0815863266123649,0.827793923381763,3.429068910071348,3.2202374660888613,2.4559,2.1397,-0.7831780300972473,0.19556218457551833,1.1076082591301615,0.09609773241388476,-0.8683652787928009,-0.9536968888490236,0.03198247629470896,0.034148809568741,0.0021663332740320396,1.9565856706980893,2,-0.04341432930191069,3.6769433333333335,2.0889066666666665,6.507973333333333,1.0,1.0,1.0,1.0,4.75,5.0
2006-06-29,0.41062995991894524,1.3015300089791477,0.8393721334809492,0.7660557516750393,3.429068910071348,3.2554698234859125,2.6577,2.3804,-0.7029767197581708,0.39910651789308427,1.0324395688982086,0.08632503914365447,-1.0340232890311238,-0.8658320492481985,0.031983354378805284,0.03531670060467107,0.0033333462258657853,2.12853876456598,2,0.12853876456598012,3.68106,2.28053,6.248036666666667,1.0,1.0,1.0,1.0,5.0,5.25
2006-08-08,1.3669180744907683,0.6088508713018242,0.8393721334809492,0.7660557516750393,3.2232042648709207,3.2635451912287956,2.6577,2.3804,-0.4121811974549689,0.7762923877466283,1.0455285988497234,0.04852662450578656,-1.0450671563803453,-0.9824242424242425,0.031926710613946474,0.03426415385463244,0.0023374432406859658,2.384194317776818,2,0.3841943177768181,3.9863866666666667,2.4778366666666667,6.3831733333333345,1.0,0.0,1.0,0.0,5.25,5.25
2006-09-20,1.3669180744907683,0.7175426814181253,0.6750002195813916,0.710514993398972,3.2232042648709207,3.3018170431515066,2.7823,2.3931,-1.0024424959783325,0.5979441873116299,1.1065968582558596,0.04764476001418028,-1.07819875842801,-1.1106393606393608,0.03192751351852108,0.035343911145847784,0.003416397627326706,2.373367169029379,2,0.37336716902937894,4.1021600000000005,2.7371633333333336,6.3450999999999995,0.0,0.0,0.0,0.0,5.25,5.25
2006-10-25,1.3669180744907683,0.6335937223852173,0.6750002195813916,0.710514993398972,3.2232042648709207,3.2635451912287956,2.7823,2.3931,-1.1397341835926007,0.33101820869015536,1.1736657363082983,0.08189748052609475,-1.1002864931264529,-1.203434935183662,0.0319268934651451,0.03451005477536562,0.0025831613102205164,2.4504754177568326,2,0.45047541775683264,3.3462666666666667,2.8158700000000003,6.025760000000001,0.0,0.0,0.0,0.0,5.25,5.25
2006-12-12,0.6335937223852173,0.5479403939199659,0.6152358544201353,0.6722619427729462,3.2635451912287956,1.756611017643761,2.1767,2.4786,-1.1226509186260765,-0.03552229930913527,1.2348555815832718,0.11944253436711906,-1.144461962523339,-1.756903247128811,0.03191549633107327,0.029728852942303874,-0.0021866433887693937,2.3621832959895492,2,0.36218329598954924,2.3976533333333334,2.84444,5.4199166666666665,0.0,0.0,0.0,0.0,5.25,5.25
2007-01-31,0.6335937223852173,0.4864727215250975,0.6152358544201353,0.6722619427729462,3.2635451912287956,1.8670462879081897,2.1767,2.4786,-0.8763817980973607,0.12910822809296854,1.2653787105985226,0.11837258582697822,-1.1555058298725607,-3.9510727367870224,0.03191504655873789,0.029117338989465225,-0.002797707569272667,2.2038717154705743,2,0.20387171547057426,1.9524133333333333,2.651196666666667,5.38307,0.0,0.0,0.0,0.0,5.25,5.25
2007-03-21,0.4864727215250975,0.5505308690523004,0.6354742843279948,0.676556862233322,2.1443018489681354,1.8907394714118828,2.0,2.0154,-0.8704242871456537,0.22960752545085927,1.2443270137060753,0.11359686260137296,-1.0340232890311238,-2.603139717425432,0.03190186208897661,0.030235692297623018,-0.0016661697913535889,2.270716336517453,2,0.2707163365174532,2.342866666666667,2.6515466666666665,5.6387,0.0,0.0,0.0,0.0,5.25,5.25
2007-05-09,0.607331673002141,0.31355858594632474,0.6354742843279948,0.676556862233322,1.7839180323490589,2.226200393484465,2.0,2.0154,-1.0697699700900691,0.1525273589508554,1.3463993249952906,0.11422613422382613,-1.0450671563803453,-0.30753532182103627,0.03188651207169091,0.020354510859641906,-0.011532001212049003,2.123777681909692,2,0.12377768190969185,2.4264500000000004,2.623743333333333,5.624263333333334,0.0,0.0,0.0,0.0,5.25,5.25
2007-06-28,0.607331673002141,0.16242508468688202,0.5946740438648915,0.643757268762062,1.7839180323490589,2.1942962477179666,2.0,2.1,-1.0472027549049958,-0.07016061684626125,1.3901918975703507,0.16634902749151473,-0.890453013491244,-4.653061224489796,0.03188542692926122,0.01884676387545703,-0.01303866305380419,1.9952472761511852,2,-0.004752723848814755,2.695126666666667,2.367926666666666,5.809136666666667,0.0,0.0,0.0,0.0,5.25,5.25
2007-08-07,0.1500592339081248,0.8350419711546823,0.5946740438648915,0.643757268762062,2.3988960832183324,1.4173920689351678,2.0,2.1,-1.0153923357801298,-0.07001433855388726,1.3763986445299492,0.19592001747052196,-0.6254001971099273,-8.420722135007848,0.0318144196010961,0.01763828567986181,-0.01417613392123429,1.932681673861084,2,-0.06731832613891608,2.6556333333333333,2.2757866666666664,5.313843333333333,0.0,0.0,0.0,0.0,5.25,5.25
2007-08-10,0.1500592339081248,0.8350419711546823,0.5946740438648915,0.643757268762062,2.3988960832183324,1.4173920689351678,2.0,2.1,-1.01285498567901,-0.08107420369748657,1.3652522906817042,0.19643141566684716,-0.6254001971099273,-9.009419152276296,0.0318144196010961,0.01763828567986181,-0.01417613392123429,1.932681673861084,2,-0.06731832613891608,2.6556333333333333,2.2757866666666664,5.313843333333333,0.0,0.0,0.0,0.0,5.25,5.25
2007-08-16,0.1500592339081248,0.8350419711546823,0.6192250540932734,0.6592896317054071,2.3988960832183324,1.4173920689351678,1.9002,1.9,-0.8878407985540302,-0.05237638830412257,1.3329093660414262,0.19348252414000072,-0.6254001971099273,-10.186813186813186,0.0318144196010961,0.01763828567986181,-0.01417613392123429,1.932681673861084,2,-0.06731832613891608,2.5845800000000003,2.221076666666667,5.313843333333333,0.0,0.0,0.0,0.0,5.25,5.25
2007-09-18,0.1500592339081248,0.9743616704344226,0.6192250540932734,0.6592896317054071,2.3988960832183324,1.322430317418414,1.9002,1.9,-0.37500960311644643,0.7169910141316994,1.32647933608049,0.16427440631919893,-0.4597421868716044,-12.643956043956045,0.03181540261505433,0.01901899162218612,-0.012796410992868212,1.913313024424132,2,-0.08668697557586791,2.5845800000000003,2.221076666666667,5.0907599999999995,0.0,-1.0,0.0,-2.0,5.25,4.75
2007-10-31,0.1500592339081248,0.9419413630548691,0.6192250540932734,0.6592896317054071,2.3988960832183324,1.3576013364987098,1.9002,1.9,-0.6057856873134405,1.4669500818290406,1.421681186102611,0.1315449513085182,-0.4045228501254967,-13.021978021978022,0.031815173984435896,0.01869786542117069,-0.013117308563265206,1.7630383976255806,2,-0.23696160237441943,2.355676666666667,2.1426533333333335,5.056113333333333,-1.0,-1.0,-2.0,-1.0,4.75,4.5
2007-12-11,0.9419413630548691,1.2083228444197438,0.38234672031776706,0.5418370967390576,1.3576013364987098,1.8086858985593794,1.9,1.9,-0.6635484039011411,1.4474353941950022,1.3178110883889567,0.09849984410156866,0.05931957854180733,-8.839246467817896,0.031797246758314746,0.028058894156552938,-0.0037383526017618074,1.8768702303592653,2,-0.12312976964073474,2.7369566666666665,2.1250966666666664,5.319506666666666,-1.0,-1.0,-1.0,-1.0,4.5,4.25
2008-01-21,0.9419413630548691,1.2048506523380809,0.38234672031776706,0.5418370967390576,1.3576013364987098,1.9839461600476795,1.9,1.9,0.44132140441635137,1.9641403263938266,1.2708710552064344,0.0395798699693659,0.36854786432001013,-9.156629085200514,0.03179722259251849,0.02802458619109771,-0.0037726364014207814,2.161545199564681,2,0.16154519956468105,3.9779466666666665,2.2983666666666664,6.067216666666667,-1.0,0.0,-1.0,0.0,4.25,4.25
2008-01-30,0.9419413630548691,1.2048506523380809,0.38234672031776706,0.5418370967390576,1.3576013364987098,1.9839461600476795,1.9,1.9,1.2941984384055978,2.168141084757726,1.2099140247292226,0.022812643261664132,0.36854786432001013,-9.403881832453262,0.03179722259251849,0.02802458619109771,-0.0037726364014207814,2.161545199564681,2,0.16154519956468105,3.9779466666666665,2.2983666666666664,6.067216666666667,0.0,-1.0,0.0,-2.0,3.5,3.0
2008-03-10,1.2048506523380809,0.15610392061001233,0.16784558206450378,0.32974266906044036,1.9839461600476795,2.67173575626512,2.1554,2.0951,-0.05756021189387923,2.321542196393113,1.1543135432640947,-0.028045725773770173,1.0643115073209661,-33.536501959578885,0.03177547170112405,0.024411118271110865,-0.007364353430013182,2.1845173106047215,2,0.18451731060472154,4.2983,2.415973333333333,5.881753333333333,-1.0,0.0,-2.0,0.0,3.0,3.0
2008-03-18,1.2048506523380809,0.15610392061001233,0.16784558206450378,0.32974266906044036,1.9839461600476795,2.67173575626512,2.1554,2.0951,-0.09267970972204884,2.177882477017578,1.1384722191144558,-0.03668169272481841,1.0643115073209661,-49.36866979174671,0.03177547170112405,0.024411118271110865,-0.007364353430013182,2.1845173106047215,2,0.18451731060472154,4.215536666666667,2.38523,5.881753333333333,0.0,-1.0,0.0,-3.0,3.0,2.25
2008-04-30,1.2048506523380809,0.14409592671693808,0.16784558206450378,0.32974266906044036,1.9839461600476795,2.5147800003488032,2.1554,2.0951,-0.11199631049186305,2.003594563472772,1.1928601640041963,-0.06335737775179291,0.7771709562412065,-43.44209636517329,0.031775388141622285,0.02429121830179959,-0.007484169839822696,1.957406414527176,2,-0.0425935854728241,4.174723333333333,2.371333333333333,5.489406666666667,-1.0,-1.0,-3.0,-1.0,2.25,2.0
2008-06-25,0.14409592671693808,0.22439768065297075,0.05124133035722342,0.42222935990833393,2.5147800003488032,2.0658041818669854,2.1,2.0746,-0.1675139984186649,1.6139098958753195,1.1756633873639464,-0.07994693332105463,0.44585493576456087,-3.587912087912088,0.031750393091035445,0.02503321357704813,-0.006717179513987315,2.0908644228407063,2,0.09086442284070628,3.9877333333333334,2.3129466666666665,5.056513333333333,-1.0,0.0,-1.0,0.0,2.0,2.0
2008-08-05,0.21771493971963193,0.46883049974240393,0.05124133035722342,0.42222935990833393,2.2369970219544317,2.059264105786942,2.1,2.0746,-0.21854162902367005,2.236660303727387,1.038533978080218,-0.12465776627419489,0.6004690786536622,-13.207264957264957,0.03169923870677116,0.018041193019277202,-0.013658045687493958,2.3070198443919887,2,0.3070198443919887,4.288196666666667,2.3301066666666665,5.040643333333333,0.0,0.0,0.0,0.0,2.0,2.0
2008-10-07,0.21771493971963193,0.6989524300188875,0.2871468129839396,0.17727756236325956,2.2369970219544317,2.1487973277776655,2.2,2.1141,2.3168674577329007,2.231503594972352,0.9280753908999044,-0.16614422173511478,1.4066713951468337,3.6956744236156003,0.031700799723207496,0.020329054696754056,-0.01137174502645344,2.5584050052719114,2,0.5584050052719114,5.260823333333334,2.4924933333333334,4.90267,0.0,0.0,0.0,0.0,2.0,2.0
2008-10-29,0.21771493971963193,0.6989524300188875,0.2871468129839396,0.17727756236325956,2.2369970219544317,2.1487973277776655,2.2,2.1141,2.6291252201771402,1.8345958350199714,0.648310681501841,-0.22009246288594436,1.4066713951468337,2.7113730107427587,0.031700799723207496,0.020329054696754056,-0.01137174502645344,2.5584050052719114,2,0.5584050052719114,5.274426666666667,2.50947,4.90267,0.0,-1.0,0.0,-2.0,1.5,1.0
2008-12-16,0.6989524300188875,-0.1287582925456654,-0.7420767918088768,-0.2753246905969065,2.1487973277776655,2.5962905242246572,2.0,1.6273,1.818114462856368,2.775618072475028,0.49906683268566027,-0.3614853395623531,0.7440393541935421,2.033394859775412,0.03166792721707257,0.0074214069306712815,-0.024246520286401285,2.0800097107581337,2,0.08000971075813368,4.653793333333333,2.4076533333333336,3.3229166666666665,-1.0,-1.0,-2.0,-3.0,1.0,0.25
2009-01-28,0.6989524300188875,-0.12790558862151882,-0.7420767918088768,-0.2753246905969065,2.1487973277776655,2.3942045863232284,2.0,1.6273,1.8832027547360104,1.5440162527446821,0.5153653674278733,-0.3892293641400432,0.8655218950349788,0.9815728489197877,0.031667932981717106,0.007429944926888865,-0.02423798805482824,1.8624182865059058,2,-0.1375817134940942,1.5272566666666665,1.9792166666666666,2.03567,-1.0,0.0,-3.0,0.0,0.25,0.25
2009-03-18,-0.12790558862151882,-1.6000136607356275,-1.3233443109126335,-0.44049659703474137,2.3942045863232284,0.7592717120215149,0.746,1.1256,1.9889471125216116,1.0634550334521884,0.33623149802328783,-0.40023527971269673,1.0643115073209661,0.2315716874693009,0.031620098970366106,-0.008269401690494504,-0.03988950066086061,1.599482647122228,2,-0.4005173528777719,0.2554766666666667,1.7970766666666667,-0.6674066666666666,0.0,0.0,0.0,0.0,0.25,0.25
2009-04-29,-0.12790558862151882,-1.6247737440661116,-1.3233443109126335,-0.44049659703474137,2.3942045863232284,0.9124879767792262,0.746,1.1256,0.6160711613805583,1.0631522528874053,0.47866244980823225,-0.4028411437827406,1.185794048162403,0.10067598439380565,0.031619930825282694,-0.008521060251901247,-0.04014099107718394,1.8262284636777666,2,-0.1737715363222334,-0.17600666666666667,1.73751,-0.7020433333333332,0.0,0.0,0.0,0.0,0.25,0.25
2009-06-24,-1.6247737440661116,-1.4615391291518007,-0.3842904884092121,0.11210271322804286,0.9124879767792262,1.52188128986236,1.5,1.15,-0.162567919650123,0.5675035696191174,0.5867632184698004,-0.3547463579393833,1.7821628850203655,0.536321336021152,0.03155852629725531,-0.025419091421671425,-0.05697761771892673,1.8878934541585168,2,-0.11210654584148316,-0.6912733333333333,1.8405866666666668,-0.9017833333333334,0.0,0.0,0.0,0.0,0.25,0.25
2009-08-12,-1.6474025825793837,-0.2553112476209634,-0.3842904884092121,0.11210271322804286,1.1384495577846667,1.9561258354672473,1.5,1.15,0.25370365765360836,0.5233356029658232,0.6616680618856767,-0.2891230625761698,1.704855813575815,0.7784983258316318,0.03177401117892553,-0.03975785618865224,-0.07153186736757777,1.5135971947625666,2,-0.4864028052374334,-0.9380833333333335,1.8337233333333334,-2.0173533333333333,0.0,0.0,0.0,0.0,0.25,0.25
2009-09-23,-1.6474025825793837,-0.2545375771736243,0.6041792063541345,0.5390803347452452,1.1384495577846667,1.985708078725715,1.5,1.0,-0.32524480113319676,0.3579343750205331,0.7412297389151439,-0.21933239538949595,1.67172421152815,0.6822503341031806,0.03177401625612286,-0.039750099711024944,-0.0715241159671478,1.3750244211035494,2,-0.6249755788964506,-1.506973333333333,1.5902933333333333,-1.8507766666666667,0.0,0.0,0.0,0.0,0.25,0.25
2009-11-04,-0.18490723691336158,0.8719916288803629,0.6041792063541345,0.5390803347452452,1.9931036395403712,1.3687541393774372,1.5,1.0,-0.22908274015804495,-0.21676746886749343,0.7849932095192291,-0.06795264617615342,1.8484260891156947,0.4067856059533691,0.03170908042897991,-0.023586249766818668,-0.055295330195798575,1.2938950414603023,2,-0.7061049585396977,-1.5511066666666666,1.51016,-0.6698333333333334,0.0,0.0,0.0,0.0,0.25,0.25
2009-12-16,-0.18490723691336158,0.688292059062894,0.6680497925311242,0.5698247606660212,1.9931036395403712,1.3062035469864957,1.1905,1.0482,0.22296898142875582,-0.47674049632141197,0.8301328430016208,0.14317261808941809,1.980952497306353,0.279339551003719,0.03170789953513853,-0.025409025735559254,-0.05711692527069778,1.424015426833792,2,-0.5759845731662081,-0.9971533333333333,1.5570166666666667,0.04254999999999998,0.0,0.0,0.0,0.0,0.25,0.25
2010-01-27,-0.18490723691336158,0.5541991241328528,0.6680497925311242,0.5698247606660212,1.9931036395403712,1.159025682537338,1.1905,1.0482,0.712262454499732,-0.26250310327335746,0.8633720795572648,0.2579516099467407,2.069303436100125,0.47097240327730355,0.03170703617219428,-0.02674167625073487,-0.05844871242292915,1.369418483904469,2,-0.630581516095531,1.4853233333333336,1.7287966666666665,0.8140266666666666,0.0,0.0,0.0,0.0,0.25,0.25
2010-03-16,0.5541991241328528,1.449934479303171,0.6686453819840413,0.6736764135734713,1.159025682537338,1.5445715281535484,1.2,1.2742,0.37064392659968004,-0.25000153059638186,0.8562371320913472,0.35883459282362434,2.0361718340524604,0.5751197285031873,0.031645873692142334,0.0014599097753205115,-0.030185963916821823,1.4156096657716843,2,-0.5843903342283157,2.4294733333333336,1.6577566666666665,3.195436666666667,0.0,0.0,0.0,0.0,0.25,0.25
2010-04-28,0.5541991241328528,1.3605179989208356,0.6686453819840413,0.6736764135734713,1.159025682537338,1.7463564071285063,1.2,1.2742,-0.3327574621468806,-0.2991221197117489,0.9544079711884167,0.42645032966490976,2.0582595687509038,0.461203252331072,0.03164530826489664,0.0005781358323773134,-0.03106717243251933,1.3206779911646755,2,-0.6793220088353245,2.4204833333333333,1.3320233333333331,3.572103333333333,0.0,0.0,0.0,0.0,0.25,0.25
2010-05-09,1.3605179989208356,0.8000304194075875,0.6686453819840413,0.6736764135734713,1.7463564071285063,0.6136818169365456,1.2,1.2742,-0.1734773557991768,-0.30414239031331086,0.9484364426139871,0.4283450484687821,1.8373822217664728,0.41324643431180974,0.03158555902011151,0.025157838824918954,-0.0064277201951925544,1.3258607476894317,2,-0.6741392523105683,2.4204833333333333,1.3320233333333331,3.7998833333333337,0.0,0.0,0.0,0.0,0.25,0.25
2010-06-23,1.3605179989208356,0.7505988820867768,0.819237704361469,0.8125754983569659,1.7463564071285063,0.5954174771467328,1.1,1.2,0.3113085206635895,0.007431161542111362,0.8107489394315909,0.29543568020519945,1.7158996809250362,0.19326525948706658,0.03158524768007176,0.024667326456059513,-0.006917921224012247,1.1585287237765416,2,-0.8414712762234584,2.19731,1.0443433333333332,4.15966,0.0,0.0,0.0,0.0,0.25,0.25
2010-08-10,0.9201935632537005,0.5913782080555358,0.819237704361469,0.8125754983569659,1.226825861927316,1.1429923466833853,1.1,1.2,1.1185483314055091,0.455408918077423,0.8307362103334225,0.17305773349205592,1.3845836604483905,-0.019387984672452528,0.03147644617030343,0.031239933084114213,-0.00023651308618921618,1.3864626813526244,2,-0.6135373186473756,1.7683966666666666,0.9730533333333334,3.56408,0.0,0.0,0.0,0.0,0.25,0.25
2010-09-21,0.9201935632537005,0.40110207933754016,0.5772269511595298,0.700189392907856,1.226825861927316,1.0483496682956008,1.1,1.052,1.751067617327243,1.068535805712234,0.8167857922673647,0.11041617110010031,1.3735397930991688,-0.08772672136850188,0.03147525660945316,0.029346566871723212,-0.0021286897377299496,1.3815910343560582,2,-0.6184089656439418,1.2060533333333334,0.96555,3.4830900000000002,0.0,0.0,0.0,0.0,0.25,0.25
2010-11-03,0.4269796328431848,0.4986775193446036,0.5772269511595298,0.700189392907856,1.0337892562359734,0.8060197329605584,1.1,1.052,2.2570994160652824,1.717765784371646,0.9312745582160706,0.083860326426207,1.5281539359882703,-0.11408467088761758,0.031410876148653344,0.030620848438518422,-0.0007900277101349218,1.191185229303154,2,-0.808814770696846,1.21764,0.90731,3.3471466666666667,0.0,0.0,0.0,0.0,0.25,0.25
2010-12-14,0.4269796328431848,0.6252415706068254,0.5563733437902874,0.58885690247066,1.0337892562359734,0.8278040500676018,0.9943,1.1,0.9559065284952616,1.287775251620529,0.9722417363329242,0.0985542666975188,1.9257331605602452,-0.0981469850526299,0.031411658923278685,0.03187941647499315,0.000467757551714465,0.9403271497761092,2,-1.0596728502238908,1.1680633333333332,0.7793899999999999,3.4373400000000003,0.0,0.0,0.0,0.0,0.25,0.25
2011-01-26,0.4269796328431848,0.6335781248815858,0.5563733437902874,0.58885690247066,1.0337892562359734,0.5337157691225144,0.9943,1.1,0.62796864399756,0.4616136725916769,1.0663701216381205,0.119472683502034,2.0472157014016816,-0.05011799413722217,0.03141171044873814,0.03196226058877727,0.0005505501400391299,0.8014897851131032,2,-1.198510214886897,1.2047400000000001,0.6293633333333334,3.7293633333333336,0.0,0.0,0.0,0.0,0.25,0.25
2011-03-15,0.6335781248815858,0.6898369544752824,0.8857202636259026,0.865613316998503,0.5337157691225144,0.5475081129099377,1.0,1.3,0.44113431869460956,0.07158206381463296,1.1199458116177858,0.16328536770793345,1.9699086299571313,-0.011612287663496978,0.031349370415590716,0.02661104160218386,-0.004738328813406856,0.8089347204256063,2,-1.1910652795743937,1.368153333333333,0.7498833333333333,3.9188233333333335,0.0,0.0,0.0,0.0,0.25,0.25
2011-04-27,0.6335781248815858,0.7696652483337781,0.8857202636259026,0.865613316998503,0.5337157691225144,0.42785402200913436,1.0,1.3,0.24402781798228815,0.21234425198930376,1.1346192408733704,0.15462836340768732,1.9919963646555745,-0.016326587363364557,0.03134985838231619,0.027403541307224444,-0.003946317075091743,0.8829740751529265,2,-1.1170259248470735,2.174306666666667,1.0786733333333334,3.9344333333333332,0.0,0.0,0.0,0.0,0.25,0.25
2011-06-22,0.7696652483337781,0.45737517469189887,0.8013877727178085,0.8498898338802315,0.42785402200913436,1.4234488753666792,1.5,1.4446,0.12428710963889801,0.1947759386880944,1.0908240633002553,0.1573782234221736,1.8373822217664728,0.004359804418863868,0.03128791536062092,0.022807009465717343,-0.008480905894903579,1.0066229978831882,2,-0.9933770021168118,3.0912333333333333,1.3494566666666667,4.535776666666667,0.0,0.0,0.0,0.0,0.25,0.25
2011-08-09,0.08928503870278881,0.31902267177708277,0.8013877727178085,0.8498898338802315,1.552463495395038,2.061948577453756,1.5,1.4446,2.7356179208497076,0.17128577132958286,1.075359109440354,0.1958256518075528,1.2631011196069535,0.03992111145604104,0.031138738936276278,0.01607412137635933,-0.015064617559916949,1.3343492892843893,2,-0.6656507107156107,3.3341100000000004,1.49756,4.629273333333334,0.0,0.0,0.0,0.0,0.25,0.25
2011-09-21,0.08928503870278881,0.24644879383727095,0.5534359198498805,0.6358334479643284,1.552463495395038,2.1448590971765835,1.7,1.4843,2.1133240389069092,0.3420984780622363,0.9433689703305027,0.14256589321536353,0.9317850991303079,-0.027320955564066805,0.031138302184156474,0.015350428703069241,-0.015787873481087233,1.5522994342086205,2,-0.4477005657913795,3.592193333333333,1.7839033333333332,4.823740000000001,0.0,0.0,0.0,0.0,0.25,0.25
2011-11-02,0.3318742959955824,0.6103166111605057,0.5534359198498805,0.6358334479643284,2.2421888377206813,2.0719630774745816,1.7,1.4843,0.3931059060662734,0.0783432489920436,0.9862037983820222,0.05152522153169409,0.9207412317810865,-0.1272640161206093,0.03106957665334953,0.01609552948925952,-0.01497404716409001,1.6484909967030246,2,-0.35150900329697543,3.7502066666666667,1.8948166666666666,5.12664,0.0,0.0,0.0,0.0,0.25,0.25
2011-12-13,0.3318742959955824,0.4972950165011528,0.6430681205440163,0.5991382657608111,2.2421888377206813,2.021777120580749,1.3912,1.607,0.96657041463453,-0.12467704034540596,0.995715317093363,0.02498174712351085,0.8765657623842003,-0.20949453733718212,0.03106890501446591,0.014971538153044861,-0.016097366861421047,1.651082164872863,2,-0.3489178351271369,3.74117,2.00585,4.898136666666667,0.0,0.0,0.0,0.0,0.25,0.25
2012-01-25,0.3318742959955824,0.4505794240419619,0.6430681205440163,0.5991382657608111,2.2421888377206813,2.0468700990276907,1.3912,1.607,1.0488413607703717,0.16265029752485177,1.0811289026377389,0.014465433987673533,0.8876096297334218,-0.3108413409795096,0.03106862718320169,0.014506585802283922,-0.01656204138091777,1.6534008683068042,2,-0.3465991316931958,3.316826666666666,2.1592100000000003,4.651823333333334,0.0,0.0,0.0,0.0,0.25,0.25
2012-03-13,0.4505794240419619,0.7373458549611395,0.5521538622005058,0.5634225962213977,2.0468700990276907,1.2946253432718695,1.6069,1.7,-0.15993702668813248,0.15162210935451942,1.1829664411448295,0.016518027725977512,0.9980483032256372,-0.3722094044193612,0.031000307933336524,0.0160477811550912,-0.014952526778245323,1.8799129987455199,2,-0.12008700125448013,3.1268999999999996,2.2213833333333333,4.0945,0.0,0.0,0.0,0.0,0.25,0.25
2012-04-25,0.4505794240419619,0.7305949773470524,0.5521538622005058,0.5634225962213977,2.0468700990276907,1.2874924212703376,1.6069,1.7,-0.2641730058421927,-0.14961016050853423,1.217240374301139,0.04271286635941319,0.9207412317810865,-0.35996554716901286,0.03100026828086322,0.015980764263087366,-0.015019504017775853,1.90314848523077,2,-0.09685151476922993,2.8221333333333334,2.230933333333333,4.1056833333333325,0.0,0.0,0.0,0.0,0.25,0.25
2012-06-20,0.7305949773470524,0.461687392955544,0.5902484002843985,0.6210079021887779,1.2874924212703376,2.122345956611031,1.8,1.7,0.6683966991801457,0.14561892309392135,1.123392690114515,0.027560554553408285,0.44585493576456087,-0.402992040269383,0.030932122048735078,0.01969456108751011,-0.011237560961224968,1.8889956794725622,2,-0.1110043205274378,2.2253966666666667,2.271873333333333,4.078166666666666,0.0,0.0,0.0,0.0,0.25,0.25
2012-08-01,0.4865709396622248,0.38204110643843187,0.5902484002843985,0.6210079021887779,2.211555555555555,1.7397146443662752,1.8,1.7,1.1211909172251084,0.28213913147020375,1.1789543876841404,0.02034478568149872,0.5342058745583329,-0.4690832698971486,0.030867133970029048,0.02187040758133385,-0.008996726388695198,1.7950093909310354,2,-0.2049906090689646,1.9040533333333334,2.2631366666666666,3.58112,0.0,0.0,0.0,0.0,0.25,0.25
2012-09-13,0.4865709396622248,0.43016643961381545,0.39860008850862866,0.5445406274159267,2.211555555555555,1.7573946712398998,1.8633,1.8,0.5447915013970317,-0.07006323365211643,1.2569445880287315,0.11365047498873379,0.5894252113044406,-0.3888419214242984,0.03086741206303789,0.02234971443906808,-0.008517697623969811,1.6464138713047152,2,-0.35358612869528483,1.6124066666666668,2.197503333333333,3.4724866666666663,0.0,0.0,0.0,0.0,0.25,0.25
2012-10-24,0.4865709396622248,0.311704081028256,0.39860008850862866,0.5445406274159267,2.211555555555555,1.7008185852442304,1.8633,1.8,0.8178548051364181,-0.1391551643771767,1.2897395485747662,0.2018547811341889,0.6004690786536622,-0.2539697196100656,0.03086672728661788,0.02116946866343916,-0.009697258623178717,1.5848397333048023,2,-0.4151602666951977,1.7069266666666667,2.006263333333333,3.4356333333333335,0.0,0.0,0.0,0.0,0.25,0.25
2012-12-12,0.311704081028256,0.6613278222681505,0.4449244282545786,0.4224458710016127,1.7008185852442304,1.0950415041856538,1.6057,1.8,1.6045853436324216,0.40357255205591724,1.232821104034463,0.1761704624995651,0.5894252113044406,-0.1983684509551675,0.030799924819657543,0.024584648833462452,-0.00621527598619509,1.5817629936889712,2,-0.4182370063110288,1.9598133333333332,1.9691433333333332,3.3028866666666663,0.0,0.0,0.0,0.0,0.25,0.25
2013-01-30,0.311704081028256,0.7676126508469572,0.4449244282545786,0.4224458710016127,1.7008185852442304,1.0879994366346373,1.6057,1.8,1.7494364636908086,0.4870658908743288,1.337475645610488,0.13955406453418806,0.788214823590428,-0.13967785474372374,0.030800531181007562,0.025639957352616705,-0.0051605738283908575,1.4721046829996727,2,-0.5278953170003273,1.8953666666666666,1.94184,3.4595233333333333,0.0,0.0,0.0,0.0,0.25,0.25
2013-03-20,0.7676126508469572,0.031496062992120655,0.530496204460855,0.5792616618075851,1.0879994366346373,0.9445888053936063,1.4,1.7,0.8530093815374143,0.5136942084356144,1.414783576839425,0.12688891672610655,0.8544780276857572,-0.04943454486646337,0.030732093961786555,0.015927828995396354,-0.014804264966390202,1.2793384624919277,2,-0.7206615375080723,1.7728666666666666,1.9366266666666665,3.474833333333333,0.0,0.0,0.0,0.0,0.25,0.25
2013-05-01,0.09448818897637529,0.6198135436942989,0.530496204460855,0.5792616618075851,1.039398834187767,1.1838049873914545,1.4,1.7,-0.32769445480225007,0.3891576964221662,1.4661249720414742,0.12251018370770518,0.8323902929873142,-0.06272837811448696,0.030665530818265063,0.017882449632560693,-0.01278308118570437,1.1322619646465995,2,-0.8677380353534005,1.6794066666666667,1.9369466666666666,3.24049,0.0,0.0,0.0,0.0,0.25,0.25
2013-06-19,0.09448818897637529,0.591274313229039,0.45193125868175227,0.5807022915398055,1.039398834187767,1.2818716727374602,1.4,1.6,-0.5444624955838464,-0.10803109385869408,1.5581768594111807,0.18431068454633795,1.1526624461147386,0.0871543742586906,0.030665370942098313,0.01759877509990382,-0.013066595842194495,1.053234620130449,2,-0.946765379869551,1.3265200000000001,1.7634100000000001,3.15997,0.0,0.0,0.0,0.0,0.25,0.25
2013-07-31,0.09448818897637529,0.4412604095013764,0.45193125868175227,0.5807022915398055,1.039398834187767,1.2853740543569783,1.4,1.6,-0.2303864937814317,-0.3886682937249832,1.6012942513081474,0.22621189076820217,1.4508468645437198,0.4512480622996981,0.030664529821228914,0.016106340735692726,-0.014558189085536188,1.0565798510222435,2,-0.9434201489777565,1.41831,1.679876666666667,2.78823,0.0,0.0,0.0,0.0,0.25,0.25
2013-09-18,0.28507812298900403,0.6230789468618276,0.5495664176576968,0.5777040553680695,1.3499767081483605,0.8110515245115637,1.4361,1.5,-0.07024111597067298,-0.3424740517734941,1.5922593510780487,0.1976783412408855,1.6385926094804857,0.6767231097206796,0.031191511127054428,0.016285193406607945,-0.014906317720446483,1.198621966465306,2,-0.8013780335346941,1.7454066666666666,1.7007533333333331,3.1161499999999998,0.0,0.0,0.0,0.0,0.25,0.25
2013-10-30,0.28507812298900403,0.6147370042158965,0.5495664176576968,0.5777040553680695,1.3499767081483605,0.640503306740433,1.4361,1.5,1.2811959807445603,-0.09779734862200579,1.666815003758768,0.18549952048620405,1.4950223339406055,0.6305208936797277,0.031191464821145765,0.016202287093882717,-0.014989177727263048,1.233331425628118,2,-0.766668574371882,1.7454066666666666,1.7007533333333331,3.18835,0.0,0.0,0.0,0.0,0.25,0.25
2013-12-18,0.6147370042158965,0.8884098547803803,0.45932578007739183,0.612269291065764,0.640503306740433,1.456802035738968,1.5,1.7,-0.29262757483332,-0.23407307767279842,1.7690082378652074,0.23569073614749791,1.8042506197188086,0.6709911133948767,0.031129820652478823,0.018180579218986637,-0.012949241433492187,1.1054559292203836,2,-0.8945440707796164,1.11278,1.7126733333333333,2.86068,0.0,0.0,0.0,0.0,0.25,0.25
2014-01-29,0.6147370042158965,1.017876617537316,0.45932578007739183,0.612269291065764,0.640503306740433,1.3849079092998824,1.5,1.7,-0.14111737236669455,-0.4924935396688714,1.8138122271584827,0.2641469907490816,1.704855813575815,0.6724473594746322,0.03113053014026712,0.019463023493139886,-0.011667506647127235,1.116962622152931,2,-0.883037377847069,1.21749,1.7063066666666666,3.1599466666666665,0.0,0.0,0.0,0.0,0.25,0.25
2014-03-19,1.017876617537316,0.590935205469941,0.497101894072252,0.7419617168009742,1.3849079092998824,1.255691620238123,1.5,1.53,-0.5910351474398811,-0.43613331680861034,1.853590811892688,0.22526083265266933,1.5391978033374916,0.4767441421627818,0.031070336224447992,0.024994549224263807,-0.006075787000184185,1.0876264709507877,2,-0.9123735290492123,1.3929066666666667,1.6326766666666668,3.3078900000000004,0.0,0.0,0.0,0.0,0.25,0.25
2014-04-30,1.017876617537316,0.6502812624295266,0.497101894072252,0.7419617168009742,1.3849079092998824,1.2745458487702634,1.5,1.53,-0.7557933575773293,-0.3124298360128736,1.8634386066096142,0.19520228149518595,1.5060662012898274,0.41967910432004685,0.0310706594376422,0.02558434946222299,-0.005486309975419212,1.1046897205116029,2,-0.8953102794883971,1.4008399999999999,1.6093799999999998,3.3147400000000005,0.0,0.0,0.0,0.0,0.25,0.25
2014-06-18,0.6502812624295266,-0.2471412531441488,0.8167885317246308,0.7153266964610631,1.2745458487702634,1.2141145515199672,1.5442,1.7103,-0.6253653773794535,-0.09274943279855433,1.946577115789722,0.17552345172748224,1.3514520584007257,0.3292831658239244,0.031006967031947497,0.020263152490461067,-0.01074381454148643,1.4245796826900219,2,-0.5754203173099781,1.8782966666666667,1.80816,3.9240866666666663,0.0,0.0,0.0,0.0,0.25,0.25
2014-07-30,0.6502812624295266,-0.7407964973686265,0.8167885317246308,0.7153266964610631,1.2745458487702634,1.1765258657143756,1.5442,1.7103,-0.6132398840390799,-0.05799896788683927,2.0139880954930667,0.17987021555685098,1.2189256502100674,0.09857454305423856,0.03100427392165872,0.01530208378799891,-0.01570219013365981,1.4894865340575714,2,-0.5105134659424286,2.0580833333333333,1.9009966666666667,3.5913866666666667,0.0,0.0,0.0,0.0,0.25,0.25
2014-09-17,-0.5309056181751926,1.027053317079016,0.7415452560726127,0.7576811504785449,1.19696443814903,1.945343334393281,1.8,1.9,-0.9463986294591323,-0.22834819141479948,2.0418746905337093,0.1884436927174397,1.1416185787655169,-0.11631777466536265,0.03089306775993128,0.024538507060912096,-0.006354560699019185,1.4724723970305635,2,-0.5275276029694365,2.06947,1.9104866666666667,3.8543566666666664,0.0,0.0,0.0,0.0,0.25,0.25
2014-10-29,-0.5309056181751926,1.128748018216609,0.7415452560726127,0.7576811504785449,1.19696443814903,1.9640485587624836,1.8,1.9,-0.7308817244416825,-0.37527227332972257,1.9536570806076454,0.16138331981091844,1.0201360379240803,-0.18423679486577826,0.030893608781886073,0.025544609374515304,-0.005348999407370769,1.471058823529414,2,-0.528941176470586,1.7907266666666668,1.7735,3.9687566666666663,0.0,0.0,0.0,0.0,0.25,0.25
2014-12-17,1.128748018216609,0.9600009993504268,0.6693386004235097,0.6840521379375579,1.9640485587624836,1.429542006756821,1.5905,1.7,-0.838426782299046,-0.2655599635644002,2.112082653454245,0.1406618566293588,0.7109077521458775,-0.24762688223526905,0.03083442769537048,0.024055755522535804,-0.006778672172834677,1.5523021589489852,2,-0.44769784105101484,1.67558,1.7609966666666665,3.8662233333333336,0.0,0.0,0.0,0.0,0.25,0.25
2015-01-28,1.128748018216609,1.2192075151151798,0.6693386004235097,0.6840521379375579,1.9640485587624836,1.392314350330843,1.5905,1.7,-0.41384158323542486,-0.06209221131927579,2.0980333056042926,0.13239202272562436,0.44585493576456087,-0.3623571600962219,0.030835793686530888,0.026619883255426302,-0.004215910431104586,1.4125062137142537,2,-0.5874937862857463,1.1984666666666668,1.71376,4.108666666666667,0.0,0.0,0.0,0.0,0.25,0.25
2015-03-18,1.2192075151151798,0.5436392358197188,0.6565842713161245,0.7490209608198176,1.392314350330843,1.053598093135868,1.1961,1.405,-0.7205803168882887,0.006554804603907534,2.1703765779031796,0.1271600446380177,0.5231620072091114,-0.42702951474917644,0.030778427135483843,0.023441071576588257,-0.007337355558895586,1.3052190033894413,2,-0.6947809966105587,0.5928699999999999,1.65424,3.7562833333333336,0.0,0.0,0.0,0.0,0.25,0.25
2015-04-29,1.2192075151151798,0.5498099422421902,0.6565842713161245,0.7490209608198176,1.392314350330843,1.0758572077795838,1.1961,1.405,-0.6875713798585159,0.08943344600435137,2.175464725459074,0.12854073550548473,0.5231620072091114,-0.40602704605461365,0.03077845952690783,0.023502443107581428,-0.007276016419326403,1.3656857426150015,2,-0.6343142573849985,-0.09508333333333334,1.6967033333333335,3.5827933333333335,0.0,0.0,0.0,0.0,0.25,0.25
2015-06-17,0.5498099422421902,-0.18779112226675154,0.6136303419851927,0.771645523977683,1.0758572077795838,0.7991786219718399,1.5,1.5,-0.8073880917763634,0.1300723447761919,2.192585915314858,0.11371183136602814,0.8213464256380926,-0.3175343316813724,0.03071775324307735,0.02694596569947727,-0.0037717875436000803,1.2399429439788168,2,-0.7600570560211832,-0.06755,1.7537366666666667,3.026733333333333,0.0,0.0,0.0,0.0,0.25,0.25
2015-07-29,0.5498099422421902,-0.04295875345971389,0.6136303419851927,0.771645523977683,1.0758572077795838,0.836177632248334,1.5,1.5,-0.4939668900000438,0.24729089844150218,2.1720566940394934,0.08583713778210844,0.7992586909396495,-0.22857809253956,0.030718511474880694,0.028395962574299105,-0.002322548900581589,1.2358431744790968,2,-0.7641568255209032,0.03650333333333334,1.7692333333333332,3.2911433333333338,0.0,0.0,0.0,0.0,0.25,0.25
2015-09-17,0.16035761605804844,0.9086806821904767,0.6712785180450367,0.6979551545998405,0.9585430146177474,1.8279115099578878,1.5528,1.6071,-0.09539829911610562,0.67277104371268,1.99686506619126,0.03976863846095182,0.5894252113044406,-0.2247201028254205,0.030620992094963384,0.026241350824129483,-0.0043796412708339005,1.2353098908008235,2,-0.7646901091991765,0.20537000000000002,1.799463333333333,3.498423333333333,0.0,0.0,0.0,0.0,0.25,0.25
2015-10-28,0.16035761605804844,0.9661686437168199,0.6712785180450367,0.6979551545998405,0.9585430146177474,1.8610125232166839,1.5528,1.6071,-0.6931313336515221,0.5758378792674105,2.06699149006004,0.021992710963440253,0.556293609256776,-0.24192276316998876,0.030621287171298306,0.026810891440726792,-0.003810395730571514,1.3058304915578576,2,-0.6941695084421424,0.13544,1.8411599999999997,3.5847266666666666,0.0,0.0,0.0,0.0,0.25,0.25
2015-12-16,0.9661686437168199,0.515501787725908,0.6486611118566232,0.6225686102883911,1.8610125232166839,1.328891492165762,1.5,1.5,-0.9017903776813836,0.21525684667514627,2.1418239359742337,0.01868824533992969,0.36854786432001013,-0.2282252975610573,0.030561606756294157,0.021486608443202826,-0.009074998313091331,1.2818148284765776,2,-0.7181851715234224,0.17889333333333335,1.9423300000000001,3.1822966666666663,0.0,1.0,0.0,1.0,0.25,0.5
2016-01-27,0.9661686437168199,0.4922368614389947,0.6486611118566232,0.6225686102883911,1.8610125232166839,1.3618392151120218,1.5,1.5,-0.45599433491531544,0.20057413793093848,1.9741772156896296,-0.009637767588435773,0.29124079287545934,-0.18290335662109042,0.0305614879232341,0.021255125550583287,-0.009306362372650812,1.3278780674351847,2,-0.6721219325648153,0.40780666666666665,2.00729,3.0583566666666666,1.0,0.0,1.0,0.0,0.5,0.5
2016-03-16,0.4922368614389947,0.2503960034117128,0.5016202112843197,0.6119985431090024,1.3618392151120218,1.3426246853223731,1.4,1.5366,-0.6578481358168288,0.23421181240823621,2.0085863050590222,-0.053194903708927946,0.09245118058947194,-0.1902685399180946,0.03050075195580293,0.018628726338985047,-0.011872025616817883,1.673281824125839,2,-0.3267181758741611,0.8158766666666667,2.10934,3.4909266666666667,0.0,0.0,0.0,0.0,0.5,0.5
2016-04-27,0.4922368614389947,0.3448275862068877,0.5016202112843197,0.6119985431090024,1.3618392151120218,1.2988434455835993,1.4,1.5366,-0.8895421093361173,0.1647182492827643,2.1492298035612345,-0.040607054725439753,0.12558278263713654,-0.24870304397062457,0.030501230885106256,0.01957024018045317,-0.010930990704653087,1.676599345178979,2,-0.3234006548210211,1.06313,2.2518366666666667,3.6647266666666667,0.0,0.0,0.0,0.0,0.5,0.5
2016-06-15,0.3448275862068877,0.20946413609704567,0.5125000757911011,0.603000800176145,1.2988434455835993,2.123790821150589,1.5451,1.7,-0.6825902225171473,0.10028983786182578,2.162224443107075,-0.013454564865263774,-0.0179874929027433,-0.3355594932583811,0.03043986694507672,0.020060399033646092,-0.010379467911430629,1.6046113101729154,2,-0.39538868982708464,0.9958600000000001,2.228676666666667,3.860623333333333,0.0,0.0,0.0,0.0,0.5,0.5
2016-07-27,0.3448275862068877,0.26714266632666694,0.5125000757911011,0.603000800176145,1.2988434455835993,2.003782093243152,1.5451,1.7,-0.0893998631627675,0.5321545055416388,2.231442240200883,-0.003322720913253368,-0.10633843169651559,-0.4357407633712167,0.030440156992624035,0.020635813120515323,-0.009804343872108712,1.6182473868233662,2,-0.3817526131766338,1.08819,2.2050133333333335,3.693156666666667,0.0,0.0,0.0,0.0,0.5,0.5
2016-09-21,0.20799602200027453,0.2735249621785218,0.642099896833204,0.5774938360415406,2.0418729279258736,1.764009506854513,1.6,1.6347,-0.880708155412634,0.6802634836327095,2.267918204494728,0.05531237268021185,-0.07320682964885099,-0.4539821749767527,0.03039037974219161,0.011898976005623396,-0.018491403736568213,1.5723901424636577,2,-0.4276098575363423,1.01004,2.23287,3.722,0.0,0.0,0.0,0.0,0.5,0.5
2016-11-02,0.3515885022692801,0.7175980365552882,0.642099896833204,0.5774938360415406,1.7820833747526472,1.7022042285200143,1.6,1.6347,-0.6949671122961112,0.28074731449642226,2.2354071103578375,0.07873546910404934,0.25810919082779477,-0.3960990758759483,0.03033091248567321,0.014911154823375128,-0.015419757662298084,1.6977063677635944,2,-0.3022936322364056,1.1484766666666666,2.22267,3.634453333333333,0.0,0.0,0.0,0.0,0.5,0.5
2016-12-14,0.3515885022692801,0.7803124868088684,0.5368271055735558,0.5549864471037511,1.7820833747526472,1.6878092667566138,1.7,1.8071,0.26298194016622806,0.9112021219168498,2.3374755456437892,0.06561994654006313,0.4016794663676747,-0.24137185873305608,0.03033122063571958,0.015533637231413877,-0.014797583404305703,1.7385137162549271,2,-0.2614862837450729,1.4056933333333335,2.2265466666666662,3.94144,0.0,1.0,0.0,1.0,0.5,0.75
2017-02-01,0.8677509030277901,0.4651162790697631,0.5368271055735558,0.5549864471037511,1.7130004498425517,1.247021303280594,1.7,1.8071,0.5517838302471221,1.273540690045192,2.4216836754193936,0.11064194475930604,0.324372394923124,-0.02753056629563743,0.030272715817531992,0.018867974246161268,-0.011404741571370725,1.6997758437621862,2,-0.30022415623781384,1.8131466666666665,2.17269,4.35454,1.0,0.0,1.0,0.0,0.75,0.75
2017-03-15,0.8677509030277901,0.4609314282297994,0.5455197324573978,0.5751330299781091,1.7130004498425517,1.2147707523336806,1.78,1.9234,0.04377593857318707,0.8103452476213376,2.5461981076182356,0.1821200658911461,0.2691530581770163,0.09112927730117189,0.030272695381026393,0.018826318613271553,-0.01144637676775484,1.7376509131717577,2,-0.2623490868282423,2.1107766666666663,2.2104466666666664,4.53135,0.0,1.0,0.0,1.0,0.75,1.0
2017-05-03,0.5159323249835552,0.173077266211881,0.5455197324573978,0.5751330299781091,1.3079390106247464,1.975158718111267,1.78,1.9234,-0.2223184220313274,1.113079872824294,2.5415671193077025,0.17551087915052352,0.08140731324025041,0.10867632711828122,0.030213047671805215,0.019025130736457285,-0.01118791693534793,1.5626128403264323,2,-0.43738715967356767,2.573503333333333,2.1620033333333333,4.788633333333333,1.0,0.0,1.0,0.0,1.0,1.0
2017-06-14,0.5159323249835552,0.28727257587742605,0.7676975965420567,0.6177867157163288,1.3079390106247464,2.043021314212759,1.7073,1.9,-0.3072611861307911,1.049196756118939,2.6102993463031487,0.15099614182742732,-0.08425069699807251,0.02749044980575834,0.030213601655869615,0.020164461502949038,-0.010049140152920577,1.5379071129330093,2,-0.4620928870669907,2.45876,2.0369166666666665,4.697273333333333,0.0,1.0,0.0,1.0,1.0,1.25
2017-07-26,0.5159323249835552,0.3538865065156751,0.7676975965420567,0.6177867157163288,1.3079390106247464,1.9644435713584028,1.7073,1.9,-0.05575366539331258,0.494604409046475,2.6535570886947326,0.15771416891876658,0.026187976494142725,0.023857896226491586,0.030213924522139335,0.02082847215151773,-0.009385452370621605,1.3932111312982247,2,-0.6067888687017753,1.9056299999999997,1.7811066666666668,4.6021,1.0,0.0,1.0,0.0,1.25,1.25
2017-09-20,0.307392857566726,0.750153817028724,0.6506810419324218,0.581055198956043,1.805788515756041,0.9059419131361416,1.6,1.7552,-0.4791345001232222,0.42925661037433327,2.6894471713877266,0.14322986522819284,-0.11738229904573713,0.053280576502596474,0.030175716958813714,0.021755795966846847,-0.008419920991966867,1.4061771352728036,2,-0.5938228647271964,1.7688666666666668,1.6996733333333334,4.203409999999999,0.0,0.0,0.0,0.0,1.25,1.25
2017-11-01,0.7563342885742468,0.7390075265316378,0.6506810419324218,0.581055198956043,0.9130473399058203,1.3115102749740961,1.6,1.7552,-0.6458980353405878,0.5390131002874053,2.808904409023429,0.15931331100567767,-0.305128043982503,-0.04146409962446913,0.030120303876585375,0.02232578073252789,-0.007794523144057486,1.3283750201133537,2,-0.6716249798866463,1.96248,1.69357,4.149046666666667,0.0,0.0,0.0,0.0,1.25,1.25
2017-12-13,0.7563342885742468,0.8140878869432044,0.6393730802184503,0.5999422028542634,0.9130473399058203,1.3575903657164472,1.5816,1.705,-0.3595457989287471,0.14304010070677606,2.8889058624557404,0.18823999779145928,-0.4045228501254967,-0.2752028981675785,0.03012065975811784,0.02307079894949382,-0.00704986080862402,1.4473343511995727,2,-0.5526656488004273,2.06784,1.7184433333333333,4.192383333333333,0.0,1.0,0.0,1.0,1.25,1.5
2018-01-31,0.7798035180964754,0.6325720725145502,0.6393730802184503,0.5999422028542634,1.3292333867980541,1.8688947377718486,1.5816,1.705,0.10228699804785374,-0.08699559356751607,3.120368605244022,0.2035068144476944,-0.41556671747471824,-0.5199695145368037,0.03006616408815388,0.024678862478507924,-0.005387301609645956,1.523955511193505,2,-0.47604448880649497,2.13009,1.7488633333333332,4.519593333333334,1.0,0.0,1.0,0.0,1.5,1.5
2018-03-21,0.7798035180964754,0.6281092157758659,0.7445361123172589,0.7096097373154692,1.3292333867980541,1.9183550900001993,1.8,1.9,-0.4237220479148999,-0.08302673473374488,3.043650447333774,0.18491537372634173,-0.4045228501254967,-0.5119951311775117,0.030066143089568786,0.0246345134609971,-0.005431629628571688,1.515218840257719,2,-0.4847811597422811,2.169776666666667,1.8211566666666668,4.55046,0.0,1.0,0.0,1.0,1.5,1.75
2018-05-02,0.7143076040903024,0.574633484158178,0.7445361123172589,0.7096097373154692,1.9183550900001993,2.443633806530983,1.8,1.9,-0.3678769599750502,-0.11821206842234407,2.9415192376865154,0.1412118112345308,-0.5039176562684905,-0.502724299527935,0.030013217053288743,0.028150244614687736,-0.0018629724386010071,1.882064406056724,2,-0.11793559394327602,2.251743333333333,1.9378033333333333,4.4777499999999995,1.0,0.0,1.0,0.0,1.75,1.75
2018-06-13,0.7143076040903024,0.5393284712339335,0.7472310736348133,0.7361836005514049,1.9183550900001993,2.2713488331209097,2.0,2.05,-0.21172469303771269,0.03791498744719064,3.0516008704863693,0.1285221869654946,-0.6033124624114843,-0.5342149299897101,0.030013052269365126,0.027799150011968976,-0.0022139022573961498,1.8032321583793094,2,-0.1967678416206906,2.5002666666666666,2.147553333333333,4.510833333333333,0.0,1.0,0.0,1.0,1.75,2.0
2018-08-01,0.5498591454078686,0.9999856472096182,0.7472310736348133,0.7361836005514049,2.1646695013529484,1.9406455392614603,2.0,2.05,-0.1630940982425211,0.2220221199088284,3.131186474670656,0.13304387029359047,-0.7468827379513641,-0.5992751304067626,0.030043291740068367,0.028057568413956346,-0.001985723326112021,1.9003828576196056,2,-0.09961714238039443,2.6467733333333334,2.187603333333333,4.866466666666667,1.0,0.0,1.0,0.0,2.0,2.0
2018-09-26,0.5498591454078686,1.0403426376706908,0.7532041583816074,0.6888136210591047,2.1646695013529484,1.991907874260804,1.9805,2.0153,-0.5300452021521387,0.13407427377780434,3.2709737089152813,0.15401831286969805,-0.7689704726498072,-0.7068269507726136,0.03004347762220294,0.028457062825200552,-0.001586414797002389,1.983774172038227,2,-0.016225827961773076,2.789263333333334,2.25111,5.03301,0.0,1.0,0.0,1.0,2.0,2.25
2018-11-08,1.0238669440666366,0.8638972716315372,0.7532041583816074,0.6888136210591047,2.094432544259492,1.5808549001038545,1.9805,2.0153,-0.34300040541223,0.225010908905061,3.0522436452525064,0.1311328708938113,-0.7358388706021426,-0.6809314433087912,0.029995896022656288,0.02993531373808267,-6.058228457361814e-05,1.9658925041110067,2,-0.03410749588899331,2.61488,2.232006666666667,5.301783333333333,1.0,0.0,1.0,0.0,2.25,2.25
2018-12-19,1.0238669440666366,0.8647237814867872,0.6464194092600943,0.5896266664138038,2.094432544259492,1.4861493070100398,1.9885,2.1,-0.021218810445584744,0.2851947655764973,2.9406656253120333,0.06534313112662231,-0.8573214114435793,-0.6563360769226042,0.029995899802355952,0.029943508012657105,-5.2391789698846836e-05,1.777437872603133,2,-0.22256212739686698,2.3382333333333336,2.1892066666666667,5.055293333333333,0.0,1.0,0.0,1.0,2.25,2.5
2019-01-30,1.0238669440666366,0.8286544592421565,0.6464194092600943,0.5896266664138038,2.094432544259492,1.5735698544812216,1.9885,2.1,0.7088364472203404,0.3874687098263824,2.8598856016470955,-0.01771665248385686,-0.8352336767451363,-0.674985728557157,0.029995734825478237,0.02958584309630119,-0.00040989172917704764,1.8770655546042896,2,-0.12293444539571041,2.22885,2.2022266666666668,4.84072,1.0,0.0,1.0,0.0,2.5,2.5
2019-03-20,0.8286544592421565,0.6410885244784422,0.36200770844202546,0.5845177326374085,1.5735698544812216,1.7161620376249445,2.0,1.9833,-0.2610042414301951,0.36931893680864747,3.1261428582767143,-0.024007808210218324,-0.8462775440943578,-0.7151411613596487,0.029948835733983437,0.030312961311178555,0.00036412557719511796,1.9428718476582512,2,-0.05712815234174884,1.6563066666666666,2.1486033333333334,4.577706666666667,0.0,0.0,0.0,0.0,2.5,2.5
2019-05-01,0.5372791056274201,0.783735644213965,0.36200770844202546,0.5845177326374085,1.7415597844819914,1.2643823492223842,2.0,1.9833,-0.4957558972141973,0.3149152669929367,3.2788374537679355,0.05059492590543457,-0.8131459420466932,-0.6855504741484665,0.029902399103294508,0.0316042219950976,0.0017018228918030953,1.553490327238171,2,-0.44650967276182896,1.6291766666666667,2.0912633333333335,4.178566666666667,0.0,0.0,0.0,0.0,2.5,2.5
2019-06-19,0.5372791056274201,0.7581084958286666,0.4749998678108931,0.5249999981581059,1.7415597844819914,1.0295684843668031,1.6554,1.9,0.3242466676077779,0.4679411997330923,3.195699615464393,0.06678485888497937,-0.7358388706021426,-0.5570612626626521,0.029902283810925745,0.03134991104907314,0.0014476272381473976,1.5663485923844613,2,-0.43365140761553866,1.8879466666666669,2.0366233333333335,4.272556666666667,0.0,0.0,0.0,0.0,2.5,2.5
2019-07-31,0.765206871460068,0.5100521305727995,0.4749998678108931,0.5249999981581059,1.0487108089538433,1.7925736235595384,1.6554,1.9,-0.25810441274320145,0.37360117261633824,3.4026030133069347,0.0600074915741434,-0.7800143399990287,-0.3735041953726963,0.029874688314657893,0.022630571296417656,-0.007244117018240237,1.6045068166511998,2,-0.39549318334880024,1.8203233333333333,2.0653599999999996,4.01682,0.0,-1.0,0.0,-1.0,2.5,2.25
2019-09-18,0.765206871460068,0.505835994087063,0.44131876912079154,0.4962932433571634,1.0487108089538433,1.734865015960017,2.0,1.9379,0.845221938369923,0.7156838112015874,3.332515326125263,0.045617320938997556,-0.9677600849357946,-0.5248736030233251,0.02987466945967343,0.022588623005407982,-0.007286046454265449,1.5836240732664715,2,-0.4163759267335285,1.7433633333333332,2.2405666666666666,4.071663333333334,-1.0,-1.0,-1.0,-1.0,2.25,2.0
2019-10-04,0.765206871460068,0.49969670762536655,0.44131876912079154,0.4962932433571634,1.0487108089538433,1.8466754431840742,2.0,1.9379,-0.003556749027422626,0.7574730009603937,3.3743685222052098,0.034094058904009704,-0.8462775440943578,-0.597832888893073,0.029874642002756246,0.022527537259348307,-0.0073471047434079395,1.7740675471903813,2,-0.2259324528096187,1.7433633333333332,2.2405666666666666,3.9093533333333337,-1.0,0.0,-1.0,0.0,2.0,2.0
2019-10-30,0.765206871460068,0.49969670762536655,0.44131876912079154,0.4962932433571634,1.0487108089538433,1.8466754431840742,2.0,1.9379,-0.1758276201785549,0.8437779502932631,3.374054839620272,0.037206265099120596,-0.8462775440943578,-0.6646872168311447,0.029874642002756246,0.022527537259348307,-0.0073471047434079395,1.7740675471903813,2,-0.2259324528096187,1.7648499999999998,2.3176966666666665,3.9093533333333337,0.0,-1.0,0.0,-1.0,2.0,1.75
2019-12-11,0.49969670762536655,0.5267623670871341,0.4102210595160254,0.47114248685581356,1.8466754431840742,2.0823235859048173,1.9,2.0126,-0.3312315442289261,0.5202412926665375,3.5694070627650425,0.09716129629729335,-0.7468827379513641,-0.3116028629810199,0.029829043032277403,0.020570914923389694,-0.009258128108887709,1.59407294695178,2,-0.40592705304821997,1.7505166666666667,2.355166666666667,3.8308666666666666,-1.0,0.0,-1.0,0.0,1.75,1.75
2020-01-29,0.49969670762536655,0.5217786273266674,0.4102210595160254,0.47114248685581356,1.8466754431840742,2.0930942251422566,1.9,2.0126,0.028218591524617108,0.7055476792662243,3.7799455518628617,0.21395213740919003,-0.7579266053005856,0.27732406980339586,0.029829020937942596,0.02052133744586193,-0.009307683492080665,1.6118825486367263,2,-0.3881174513632737,2.0350333333333332,2.2939000000000003,3.9084833333333333,0.0,0.0,0.0,0.0,1.75,1.75
2020-03-03,0.5217786273266674,0.5197291872983151,0.41250013007419195,0.522112407037489,2.0930942251422566,1.214318240667173,1.9,1.9,0.16893043998947302,1.0050161560956703,3.752617674453727,0.22965529670962131,-0.5591369930145981,0.3825639230050996,0.029783595514541128,0.022995517170169677,-0.006788078344371451,1.6301013964565385,2,-0.3698986035434615,2.272603333333333,2.2779933333333333,4.35343,0.0,-1.0,0.0,-2.0,1.75,1.25
2020-03-15,0.5217786273266674,0.5197291872983151,0.41250013007419195,0.522112407037489,2.0930942251422566,1.214318240667173,1.9,1.9,1.1148884669739398,1.1996572047733176,3.4968050825102512,0.2075352964805595,-0.5591369930145981,0.5089375493787259,0.029783595514541128,0.022995517170169677,-0.006788078344371451,1.6301013964565385,2,-0.3698986035434615,2.3642866666666666,2.294133333333333,4.35343,-1.0,-1.0,-2.0,-4.0,1.25,0.25
2020-04-29,0.5217786273266674,0.5274693229138565,0.41250013007419195,0.522112407037489,2.0930942251422566,1.2786056769377896,1.9,1.9,7.910613609228865,3.7904273591459265,3.0613749098458927,0.030960900539799344,-0.5370492583161551,0.9609768671301181,0.02978362953791769,0.023072515364392032,-0.006711114173525656,1.824264613053904,2,-0.17573538694609603,2.1063699999999996,2.243373333333333,4.799910000000001,-1.0,0.0,-4.0,0.0,0.25,0.25
2020-06-10,0.5274693229138565,-1.2863821970380769,-9.265142538142717,2.5585048945233226,1.2786056769377896,1.63766632548616,0.99,1.2974,5.015777772433969,5.01798498493199,3.435320366290509,-0.02164425895852168,-0.41556671747471824,1.4569615607065,0.029730492156335053,0.002502297821402877,-0.027228194334932176,1.0410673187571933,2,-0.9589326812428067,1.4041966666666665,1.9667633333333334,-4.973253333333333,0.0,0.0,0.0,0.0,0.25,0.25
2020-07-29,0.5274693229138565,-1.2725386627905462,-9.265142538142717,2.5585048945233226,1.2786056769377896,1.6732677673445735,0.99,1.2974,4.407041758888629,3.4224945204167523,3.674238836038849,0.05279522077221211,-0.5039176562684905,1.2965597155880557,0.029730553596020837,0.0026425273453742903,-0.027088026250646546,1.0209945942062826,2,-0.9790054057937174,0.44038666666666665,1.28968,-9.372093333333334,0.0,0.0,0.0,0.0,0.25,0.25
2020-09-16,-1.262654605216502,-9.093018891108926,4.465207081333043,1.4210767768817432,1.6310141425627291,-0.959062878781179,1.455,1.3,2.712050966339078,2.3404521735363564,3.985551053561029,0.11271639027658187,-0.41556671747471824,4.945152283613822,0.02965073092051962,-0.09584617405583629,-0.1254969049763559,1.2547185807223036,2,-0.7452814192776964,1.0201133333333334,1.4963666666666666,-5.520716666666668,0.0,0.0,0.0,0.0,0.25,0.25
