date,lg,g,g1,g2,lp,p,p1,p2,corepce,trend,actual,gdpgap,lftd,ftd,lftd2,ftd2,lr,r
2000-02-02,4.271321462043116,4.246350702143372,3.688109337356163,2.235484410731234,1.309916553463996,1.6072811773818714,1.6192,1.7789,,3.256565204404094,4.158666882290163,0.9021016778860691,0.0,1.0,0.0,1.0,5.5,5.75
2000-03-21,4.271321462043116,4.523512564671088,3.1239960562319293,3.0712071580891407,1.309916553463996,1.597598760650664,1.7649,1.7072,,3.2568143898862756,4.424186072679426,1.1673716827931502,1.0,1.0,1.0,1.0,5.75,6.0
2000-05-16,4.603275652526196,5.035789666880793,3.1239960562319293,3.0712071580891407,1.594048884165773,1.759107949629913,1.7649,1.7072,,3.227733063681515,4.913096006220741,1.6853629425392258,1.0,1.0,1.0,2.0,6.0,6.5
2000-06-28,4.603275652526196,5.036936771588515,4.136164078369661,3.5548366642767517,1.594048884165773,1.759107949629913,2.4403,2.0589,,3.227734075819133,4.914188108681827,1.6864540328626942,1.0,0.0,2.0,0.0,6.5,6.5
2000-08-22,5.289805269186704,5.9841515620730314,4.136164078369661,3.5548366642767517,1.8417266187050376,2.102647424256908,2.4403,2.0589,1.5861583333333333,3.2327450574312966,5.8119383380359935,2.579193280604697,0.0,0.0,0.0,0.0,6.5,6.5
2000-10-03,5.289805269186704,6.099143820020025,3.3559642488827937,3.183159509529269,1.8417266187050376,2.0739749593806764,2.1514,2.2534,1.6063025,3.232844344642216,5.9203790042454685,2.6875346596032523,0.0,0.0,0.0,0.0,6.5,6.5
2000-11-15,6.099143820020025,5.349322913157734,3.3559642488827937,3.183159509529269,2.0739749593806764,2.3164918970447976,2.1514,2.2534,1.6136591666666666,3.2349149903541097,5.211152721874512,1.9762377315204027,0.0,0.0,0.0,0.0,6.5,6.5
2000-12-19,6.099143820020025,5.25163376675875,3.209780222122677,3.274146715718477,2.0739749593806764,2.2974261201143915,2.1413,2.2429,1.6178458333333336,3.234831071095323,5.118380917847176,1.883549846751853,0.0,0.0,0.0,0.0,6.5,6.5
2001-01-03,6.099143820020025,5.206719216690256,3.209780222122677,3.274146715718477,2.0739749593806764,2.2116301239275433,2.1413,2.2429,1.5881583333333333,3.2347924614094525,5.075698315694588,1.8409058542851353,0.0,-1.0,0.0,-2.0,6.5,6.0
2001-01-31,6.099143820020025,5.206719216690256,3.209780222122677,3.274146715718477,2.0739749593806764,2.2116301239275433,2.1413,2.2429,1.5881583333333333,3.2347924614094525,5.075698315694588,1.8409058542851353,-1.0,-1.0,-2.0,-2.0,6.0,5.5
2001-03-20,5.206719216690256,3.4136568289648985,0.842418762963326,2.14187001793809,2.2116301239275433,2.297977400056976,2.3589,1.8952,1.6306866666666668,3.236195010030185,3.3566845014316726,0.12048949140148757,-1.0,-1.0,-2.0,-2.0,5.5,5.0
2001-04-18,5.206719216690256,3.4081527063770802,0.842418762963326,2.14187001793809,2.2116301239275433,2.316968948817774,2.3589,1.8952,1.6309449999999999,3.2361902529505437,3.351361926794638,0.11517167384409444,-1.0,-1.0,-2.0,-2.0,5.0,4.5
2001-05-15,3.4081527063770802,2.6991448900106656,0.842418762963326,2.14187001793809,2.316968948817774,2.2793632852971664,2.3589,1.8952,1.6219191666666666,3.2372685405143597,2.6633604621695284,-0.5739080783448314,-1.0,-1.0,-2.0,-2.0,4.5,4.0
2001-06-27,3.4081527063770802,2.531604255967283,1.2330639095753289,1.947407329179443,2.316968948817774,2.2982009983987925,2.266,1.8441,1.6165008333333333,3.237124352385057,2.5000899269707944,-0.7370344254142625,-1.0,-1.0,-2.0,-1.0,4.0,3.75
2001-08-21,2.548750343312277,1.3240297310767843,1.2330639095753289,1.947407329179443,2.25882352941177,2.2937927160378266,2.266,1.8441,1.870378333333333,3.2314877957624777,1.3153410670678767,-1.916146728694601,-1.0,-1.0,-1.0,-1.0,3.75,3.5
2001-09-17,2.548750343312277,1.1810085162632458,1.2147653877411195,2.742004264392293,2.25882352941177,2.284430296788688,1.8524,1.9732,1.8352383333333335,3.2313645358428067,1.1740890371617851,-2.0572754986810216,-1.0,-1.0,-1.0,-2.0,3.5,3.0
2001-10-02,2.548750343312277,1.2167638199666402,1.2147653877411195,2.742004264392293,2.25882352941177,2.256343039041285,1.8524,1.9732,1.7664908333333333,3.2313953671353257,1.2094207541688107,-2.021974612966515,-1.0,-1.0,-2.0,-2.0,3.0,2.5
2001-11-06,1.2167638199666402,0.7915681256141863,1.2147653877411195,2.742004264392293,2.256343039041285,2.3203802068772665,1.8524,1.9732,1.6532383333333334,3.2302108953951914,0.7884516602880254,-2.441759235107166,-1.0,-1.0,-2.0,-2.0,2.5,2.0
2001-12-11,1.2167638199666402,0.6123044027602176,-1.9499860715280606,0.09044025021804127,2.256343039041285,2.3203802068772665,1.4652,1.8273,1.6331866666666668,3.230057385345475,0.6104374364870324,-2.6196199488584426,-1.0,-1.0,-2.0,-1.0,2.0,1.75
2002-01-30,1.2167638199666402,0.5431906782864037,-1.9499860715280606,0.09044025021804127,2.256343039041285,2.3483365949119337,1.4652,1.8273,1.6091058333333335,3.2299981277439826,0.5417207184420292,-2.6882774093019535,-1.0,0.0,-1.0,0.0,1.75,1.75
2002-03-19,0.5431906782864037,0.41702941777105396,1.4169779724333376,2.6185739041139384,2.3483365949119337,1.8370755242159993,1.6688,1.4782,1.5136858333333334,3.228267488354364,0.4161622601268178,-2.812105228227546,0.0,0.0,0.0,0.0,1.75,1.75
2002-05-07,0.4804436849063375,1.58123091756388,1.4169779724333376,2.6185739041139384,1.87418816106884,1.2609295904279707,1.6688,1.4782,1.4114641666666667,3.227227902779828,1.5688597027319062,-1.6583682000479216,0.0,0.0,0.0,0.0,1.75,1.75
2002-06-26,0.4804436849063375,1.5190958273072932,2.476877484945324,3.1898742403033338,1.87418816106884,1.297745052922224,1.6461,1.7035,1.3914808333333333,3.227176363640538,1.507673102797824,-1.719503260842714,0.0,0.0,0.0,0.0,1.75,1.75
2002-08-13,1.4442193306536484,2.118980539752633,2.476877484945324,3.1898742403033338,1.3620467513344414,1.0428100987925362,1.6461,1.7035,1.6711733333333336,3.2185348161160254,2.0968423371716227,-1.1216924789444027,0.0,0.0,0.0,0.0,1.75,1.75
2002-09-24,1.4442193306536484,2.1374726697196813,2.3787215458195985,2.607953130373942,1.3620467513344414,1.0336626417855925,1.6029,1.8157,1.6204291666666666,3.2185498903607224,2.114949113948583,-1.1036007764121392,0.0,0.0,0.0,0.0,1.75,1.75
2002-11-06,2.1679302955477397,3.0349211878429103,2.3787215458195985,2.607953130373942,1.0611050128064496,0.7914847161572094,1.6029,1.8157,1.7735825,3.2162779899843175,2.9897785438917523,-0.22649944609256512,0.0,-1.0,0.0,-2.0,1.75,1.25
2002-12-10,2.1679302955477397,3.239571540538191,1.3230148332839782,2.5417136291119626,1.0611050128064496,0.7550946142649183,1.7004,1.9629,1.7569791666666668,3.21644128071632,3.1882038723317407,-0.028237408384579332,-1.0,0.0,-2.0,0.0,1.25,1.25
2003-01-29,2.1679302955477397,3.256988591831411,1.3230148332839782,2.5417136291119626,1.0611050128064496,0.7641921397379944,1.7004,1.9629,1.7189183333333338,3.216455162862286,3.205072968188105,-0.011382194674181001,0.0,0.0,0.0,0.0,1.25,1.25
2003-03-18,3.256988591831411,2.926866188046025,2.151738361814933,2.707842870257346,0.7641921397379944,1.302605210420835,1.9997,1.7503,1.6845591666666664,3.2140542690132223,2.8848513036619394,-0.3292029653512829,0.0,0.0,0.0,0.0,1.25,1.25
2003-05-06,2.912810310526787,2.059125085440867,2.151738361814933,2.707842870257346,1.3390417198032418,1.6433629925549322,1.9997,1.7503,1.7066608333333335,3.2113956739949545,2.0382117059950744,-1.1731839679998801,0.0,0.0,0.0,0.0,1.25,1.25
2003-06-25,2.912810310526787,2.1328178400546705,1.7879866052741795,3.3227364287824184,1.3390417198032418,1.6342836390049003,1.6537,1.6974,1.6635583333333333,3.211453724299407,2.11039159395483,-1.1010621303445767,0.0,-1.0,0.0,-1.0,1.25,1.0
2003-08-12,2.0164046479835873,2.296537626165844,1.7879866052741795,3.3227364287824184,1.5979662248047988,1.5296886314265004,1.6537,1.6974,1.6006850000000004,3.208608577494476,2.2705641100202456,-0.9380444674742305,-1.0,0.0,-1.0,0.0,1.0,1.0
2003-09-16,2.0164046479835873,2.4817937907244194,3.4908046335904235,3.8087484974643884,1.5979662248047988,1.5025343953656738,1.4016,1.4973,1.5731916666666665,3.2087524442057536,2.4514975259886995,-0.757254918217054,0.0,0.0,0.0,0.0,1.0,1.0
2003-10-28,2.0164046479835873,2.523316724159959,3.4908046335904235,3.8087484974643884,1.5979662248047988,1.5387400434467802,1.4016,1.4973,1.5543466666666668,3.208784654540975,2.492006695637272,-0.7167779589037027,0.0,0.0,0.0,0.0,1.0,1.0
2003-12-09,2.523316724159959,3.5379944336678792,3.941371003960317,3.89191706752633,1.5387400434467802,1.7063921993499462,1.5353,1.7801,1.37969,3.2072235344656974,3.4768455331557035,0.26962199869000614,0.0,0.0,0.0,0.0,1.0,1.0
2004-01-28,2.4210809250281122,3.600766162473843,3.941371003960317,3.89191706752633,1.6406716921475237,1.677823343545614,1.5353,1.7801,1.2719608333333332,3.2481866873370846,3.537453920062106,0.2892672327250212,0.0,0.0,0.0,0.0,1.0,1.0
2004-03-16,3.600766162473843,4.314620895992456,4.376518104009584,4.2090363468988885,1.677823343545614,1.5453615247057022,1.4014,1.4003,1.1158583333333334,3.2469002666930757,4.224134736380414,0.9772344696873381,0.0,0.0,0.0,0.0,1.0,1.0
2004-05-04,4.32347846626251,4.879338713468628,4.376518104009584,4.2090363468988885,1.6247334346998672,1.673592423190671,1.4014,1.4003,1.1405658333333333,3.2458383325153717,4.7640348274597955,1.5181964949444238,0.0,0.0,0.0,0.0,1.0,1.0
2004-06-30,4.32347846626251,4.815678132100611,4.42313654445955,4.065793209466666,1.6247334346998672,1.7648792826374378,2.1667,1.6832,1.1961366666666666,3.2457916374850626,4.7033175206953715,1.4575258832103088,0.0,1.0,0.0,1.0,1.0,1.25
2004-08-10,5.038097482424103,4.768940645838603,4.42313654445955,4.065793209466666,1.7290738458621655,2.250898090376253,2.1667,1.6832,1.3102258333333334,3.2445613065627654,4.658717408999102,1.414156102436337,1.0,1.0,1.0,1.0,1.25,1.5
2004-09-21,5.038097482424103,4.704784493652429,3.4403414362590734,3.9560285906150954,1.7290738458621655,2.2584609567025864,1.9895,2.2488,1.32014,3.244514719427105,4.597462801387131,1.352948081960026,1.0,1.0,1.0,1.0,1.5,1.75
2004-11-10,4.83406886093669,3.9206324956076735,3.4403414362590734,3.9560285906150954,2.2584609567025864,2.215565477872609,1.9895,2.2488,1.3868391666666666,3.2436299294508864,3.8457272726089897,0.6020973431581034,1.0,1.0,1.0,1.0,1.75,2.0
2004-12-14,4.83406886093669,3.980788327858849,3.6497418086259845,3.3250827847131377,2.2584609567025864,2.2240434069971213,1.7999,2.1978,1.3976591666666665,3.2436734580735926,3.9035968472292737,0.659923389155681,1.0,1.0,1.0,1.0,2.0,2.25
2005-02-02,3.993201436101145,3.7332123583505816,3.6497418086259845,3.3250827847131377,2.254187154995385,2.350214849980293,1.7999,2.1978,1.4870483333333333,3.2427691393705382,3.665215143608158,0.4224460042376199,1.0,1.0,1.0,1.0,2.25,2.5
2005-03-22,3.993201436101145,3.8995529596340366,3.6658436363967573,3.615362836358144,2.254187154995385,2.3727318784830995,2.0022,1.9219,1.5192858333333337,3.2428883407075615,3.8254409505659837,0.5825526098584222,1.0,1.0,1.0,1.0,2.5,2.75
2005-05-03,3.9090041301615064,3.558775414816553,3.6658436363967573,3.615362836358144,2.4140130974049194,2.5383454162551056,2.0022,1.9219,1.561165,3.2421056269755333,3.4969143939434844,0.2548087669679511,1.0,1.0,1.0,1.0,2.75,3.0
2005-06-30,3.9090041301615064,3.727039027810243,2.966835767543451,3.4556208182382178,2.4140130974049194,2.445160929608448,2.4208,2.0829,1.5620458333333334,3.2422250945791653,3.6592638054594673,0.417038710880302,1.0,1.0,1.0,1.0,3.0,3.25
2005-08-09,3.6447585394581794,3.623845068711985,2.966835767543451,3.4556208182382178,2.778112291687904,2.4188812215533657,2.4208,2.0829,2.0946458333333333,3.2358745357681906,3.5597282109355532,0.32385367516736263,1.0,1.0,1.0,1.0,3.25,3.5
2005-09-20,3.6447585394581794,3.5920815388495995,4.13544897223222,3.5523825262727264,2.778112291687904,2.424387020995445,2.1168,2.1817,2.0706058333333335,3.235852221229618,3.5290707893452122,0.2932185681155941,1.0,1.0,1.0,1.0,3.5,3.75
2005-11-01,3.597686867648848,3.555403417554063,4.13544897223222,3.5523825262727264,2.4583394508882708,2.8755337338051317,2.1168,2.1817,2.0808508333333333,3.2348314321625216,3.4936582216410272,0.2588267894785057,1.0,1.0,1.0,1.0,3.75,4.0
2005-12-13,3.597686867648848,3.6747495119762488,3.1622770968087686,3.6728539784376326,2.4583394508882708,2.848104159237832,2.6241,2.5638,2.0457425000000002,3.2349143672494307,3.608840405246738,0.3739260379973075,1.0,1.0,1.0,1.0,4.0,4.25
2006-01-31,3.6395932981154386,3.087059859962739,3.1622770968087686,3.6728539784376326,2.9221640105695275,2.9933430810727284,2.6241,2.5638,1.998715833333333,3.2335857420583203,3.040368658509074,-0.19321708354924638,1.0,1.0,1.0,1.0,4.25,4.5
2006-03-28,3.6395932981154386,3.21645208358187,4.3263453064494595,3.311175693527052,2.9221640105695275,3.0669052138296764,2.4559,2.1397,1.9611075000000004,3.233675095132549,3.1658073767999895,-0.06786771833255933,1.0,1.0,1.0,1.0,4.5,4.75
2006-05-10,3.2228758109955757,3.473857427290831,4.3263453064494595,3.311175693527052,3.106864890882829,3.150968904912118,2.4559,2.1397,1.9409975,3.2327758553136077,3.4148809568741,0.18210510156049242,1.0,1.0,1.0,1.0,4.75,5.0
2006-06-29,3.2228758109955757,3.594774212904471,3.3574885339237968,3.064223006700157,3.106864890882829,3.1599819738621,2.6577,2.3804,1.9493800000000003,3.232858161388208,3.531670060467107,0.29881189907889905,1.0,1.0,1.0,1.0,5.0,5.25
2006-08-08,3.6889076215433705,3.485793233834464,3.3574885339237968,3.064223006700157,3.0558095340540268,3.2754457404057793,2.6577,2.3804,2.1025916666666666,3.2271784941900528,3.426415385463244,0.19923689127319122,1.0,0.0,1.0,0.0,5.25,5.25
2006-09-20,3.6889076215433705,3.597593121125644,2.7000008783255662,2.842059973595888,3.0558095340540268,3.285247128638763,2.7823,2.3931,2.1328533333333337,3.22725377979578,3.5343911145847784,0.3071373347889983,0.0,0.0,0.0,0.0,5.25,5.25
2006-10-25,3.6889076215433705,3.511243614681244,2.7000008783255662,2.842059973595888,3.0558095340540268,3.2754457404057793,2.7823,2.3931,2.160490833333333,3.2271956395195645,3.4510054775365617,0.22380983801699728,0.0,0.0,0.0,0.0,5.25,5.25
2006-12-12,3.511243614681244,3.017516711500568,2.460943417680541,2.6890477710917846,3.2754457404057793,2.8946693889817006,2.1767,2.4786,2.2075491666666665,3.225768668993312,2.9728852942303874,-0.25288337476292444,0.0,0.0,0.0,0.0,5.25,5.25
2007-01-31,3.511243614681244,2.954539320383979,2.460943417680541,2.6890477710917846,3.2754457404057793,2.9229531814847243,2.1767,2.4786,2.212525,3.2257264808663644,2.9117338989465225,-0.3139925819198419,0.0,0.0,0.0,0.0,5.25,5.25
2007-03-21,2.954539320383979,3.0697432773786772,2.541897137311979,2.706227448933288,2.3739656617941933,2.2188411309750116,2.0,2.0154,2.232090833333333,3.2241362190109424,3.023569229762302,-0.20056698924864058,0.0,0.0,0.0,0.0,5.25,5.25
2007-05-09,3.1279671796341812,2.056307659679763,2.541897137311979,2.706227448933288,2.191671647738582,2.237279583359604,2.0,2.0154,2.258633333333333,3.2223468905802077,2.0354510859641906,-1.1868958046160172,0.0,0.0,0.0,0.0,5.25,5.25
2007-06-28,3.1279671796341812,1.902548513661598,2.378696175459566,2.575029075048248,2.191671647738582,2.2291702332789614,2.0,2.1,2.2398225,3.222245036453608,1.8846763875457029,-1.3375686489079053,0.0,0.0,0.0,0.0,5.25,5.25
2007-08-07,1.5473319867956226,1.7794758859791,2.378696175459566,2.575029075048248,2.38751147842057,2.021971735302268,2.0,2.1,2.2762316666666664,3.215225417255807,1.763828567986181,-1.451396849269626,0.0,0.0,0.0,0.0,5.25,5.25
2007-08-10,1.5473319867956226,1.7794758859791,2.378696175459566,2.575029075048248,2.38751147842057,2.021971735302268,2.0,2.1,2.2762316666666664,3.215225417255807,1.763828567986181,-1.451396849269626,0.0,0.0,0.0,0.0,5.25,5.25
2007-08-16,1.5473319867956226,1.7794758859791,2.4769002163730938,2.6371585268216284,2.38751147842057,2.021971735302268,1.9002,1.9,2.2762316666666664,3.215225417255807,1.763828567986181,-1.451396849269626,0.0,0.0,0.0,0.0,5.25,5.25
2007-09-18,1.5473319867956226,1.920100471401899,2.4769002163730938,2.6371585268216284,2.38751147842057,1.9978367941647073,1.9002,1.9,2.23627,3.215317716438948,1.901899162218612,-1.3134185542203358,0.0,-1.0,0.0,-2.0,5.25,4.75
2007-10-31,1.5473319867956226,1.8873765112720744,2.4769002163730938,2.6371585268216284,2.38751147842057,2.006775661252697,1.9002,1.9,2.181185,3.215296249379751,1.869786542117069,-1.345509707262682,-1.0,-1.0,-2.0,-1.0,4.75,4.5
2007-12-11,1.8873765112720744,2.8456252701403275,1.5293868812710683,2.16734838695623,2.006775661252697,1.877905064922368,1.9,1.9,2.098716666666667,3.213269153542786,2.805889415655294,-0.40737973788749215,-1.0,-1.0,-1.0,-1.0,4.5,4.25
2008-01-21,1.8873765112720744,2.842096906507175,1.5293868812710683,2.16734838695623,2.006775661252697,1.9223420044614656,1.9,1.9,2.1136633333333337,3.213266883768351,2.802458619109771,-0.4108082646585798,-1.0,0.0,-1.0,0.0,4.25,4.25
2008-01-30,1.8873765112720744,2.842096906507175,1.5293868812710683,2.16734838695623,2.006775661252697,1.9223420044614656,1.9,1.9,2.1136633333333337,3.213266883768351,2.802458619109771,-0.4108082646585798,0.0,-1.0,0.0,-2.0,3.5,3.0
2008-03-10,2.842096906507175,2.471150892896322,0.6713823282580151,1.3189706762417615,1.9223420044614656,2.119378692990824,2.1554,2.0951,2.087615,3.2108840831327923,2.4411118271110865,-0.7697722560217057,-1.0,0.0,-2.0,0.0,3.0,3.0
2008-03-18,2.842096906507175,2.471150892896322,0.6713823282580151,1.3189706762417615,1.9223420044614656,2.119378692990824,2.1554,2.0951,2.087615,3.2108840831327923,2.4411118271110865,-0.7697722560217057,0.0,-1.0,0.0,-3.0,3.0,2.25
2008-04-30,2.842096906507175,2.45886534158221,0.6713823282580151,1.3189706762417615,1.9223420044614656,2.079574001344513,2.1554,2.0951,2.0220225,3.21087623223264,2.429121830179959,-0.7817544020526812,-1.0,-1.0,-3.0,-1.0,2.25,2.0
2008-06-25,2.45886534158221,2.5349175472723067,0.20496532142889368,1.6889174396333357,2.079574001344513,1.9950760573287534,2.1,2.0746,2.000595,3.2081916515513065,2.503321357704813,-0.7048702938464935,-1.0,0.0,-1.0,0.0,2.0,2.0
2008-08-05,2.5374632411206464,1.8204918460762025,0.20496532142889368,1.6889174396333357,2.1780053130662718,2.2372833863101085,2.1,2.0746,2.1578375000000003,3.2030467993285683,1.8041193019277202,-1.398927497400848,0.0,0.0,0.0,0.0,2.0,2.0
2008-10-07,2.5374632411206464,2.0537097307551733,1.1485872519357585,0.7091102494530382,2.1780053130662718,2.2600502622569008,2.2,2.1141,2.2514083333333335,3.203193560623707,2.0329054696754056,-1.1702880909483016,0.0,0.0,0.0,0.0,2.0,2.0
2008-10-29,2.5374632411206464,2.0537097307551733,1.1485872519357585,0.7091102494530382,2.1780053130662718,2.2600502622569008,2.2,2.1141,2.2514083333333335,3.203193560623707,2.0329054696754056,-1.1702880909483016,0.0,-1.0,0.0,-2.0,1.5,1.0
2008-12-16,2.0537097307551733,0.7449013822823447,-2.968307167235507,-1.101298762387626,2.2600502622569008,2.389435263987743,2.0,1.6273,2.2553083333333337,3.1997721941617208,0.7421406930671282,-2.4576315010945926,-1.0,-1.0,-2.0,-3.0,1.0,0.25
2009-01-28,2.0537097307551733,0.7457615455413343,-2.968307167235507,-1.101298762387626,2.2600502622569008,2.33804019268796,2.0,1.6273,2.2065383333333335,3.1997727363055617,0.7429944926888865,-2.456778243616675,-1.0,0.0,-3.0,0.0,0.25,0.25
2009-03-18,0.7457615455413343,-0.8235304241568986,-5.293377243650534,-1.7619863881389655,2.33804019268796,1.897638340605299,0.746,1.1256,2.120209166666667,3.194945840011587,-0.8269401690494504,-4.0218860090610375,0.0,0.0,0.0,0.0,0.25,0.25
2009-04-29,0.7457615455413343,-0.8484858915555893,-5.293377243650534,-1.7619863881389655,2.33804019268796,1.936595332086705,0.746,1.1256,2.1152075,3.194930021592457,-0.8521060251901247,-4.047036046782582,0.0,0.0,0.0,0.0,0.25,0.25
2009-06-24,-0.8484858915555893,-2.5098746350678285,-1.5371619536368484,0.4484108529121714,1.936595332086705,1.7553676888376188,1.5,1.15,2.0472549999999994,3.1888266880043536,-2.5419091421671425,-5.730735830171496,0.0,0.0,0.0,0.0,0.25,0.25
2009-08-12,-3.3029348614862086,-3.8977883461420895,-1.5371619536368484,0.4484108529121714,1.730412948002975,1.6134460065809146,1.5,1.15,2.0001775,3.209034096954544,-3.975785618865224,-7.184819715819768,0.0,0.0,0.0,0.0,0.25,0.25
2009-09-23,-3.3029348614862086,-3.897042928596448,2.416716825416538,2.1563213389809808,1.730412948002975,1.620924319473522,1.5,1.0,1.8935074999999995,3.2090345748880145,-3.9750099711024944,-7.184044545990509,0.0,0.0,0.0,0.0,0.25,0.25
2009-11-04,-3.8299553494890106,-2.331026822568785,2.416716825416538,2.1563213389809808,1.6227938976966834,1.330212165124663,1.5,1.0,1.6798508333333337,3.202611160387736,-2.3586249766818668,-5.561236137069603,0.0,0.0,0.0,0.0,0.25,0.25
2009-12-16,-3.8299553494890106,-2.508893325127967,2.6721991701244967,2.2792990426640847,1.6227938976966834,1.3144205402593467,1.1905,1.0482,1.606705833333333,3.2024999647984442,-2.5409025735559254,-5.74340253835437,0.0,0.0,0.0,0.0,0.25,0.25
2010-01-27,-3.8299553494890106,-2.6387283670804402,2.6721991701244967,2.2792990426640847,1.6227938976966834,1.2772637758703973,1.1905,1.0482,1.5345600000000001,3.202418668619589,-2.674167625073487,-5.876586293693076,0.0,0.0,0.0,0.0,0.25,0.25
2010-03-16,-2.6387283670804402,0.14609759623799246,2.6745815279361653,2.694705654293885,1.2772637758703973,1.466634528025507,1.2,1.2742,1.4970949999999998,3.1963494946592563,0.14599097753205115,-3.050358517127205,0.0,0.0,0.0,0.0,0.25,0.25
2010-04-28,-2.6387283670804402,0.05783029851087259,2.6745815279361653,2.694705654293885,1.2772637758703973,1.5176237183171717,1.2,1.2742,1.4763766666666667,3.1962962366022696,0.057813583237731336,-3.1384826533645382,0.0,0.0,0.0,0.0,0.25,0.25
2010-05-09,0.05783029851087259,2.5476967830782886,2.6745815279361653,2.694705654293885,1.5176237183171717,1.384818762537791,1.2,1.2742,1.4506233333333334,3.1903594828807114,2.5157838824918954,-0.6745756003888159,0.0,0.0,0.0,0.0,0.25,0.25
2010-06-23,0.05783029851087259,2.497408204001432,3.276950817445876,3.2503019934278634,1.5176237183171717,1.380196537028644,1.1,1.2,1.401255,3.1903301486932323,2.4667326456059513,-0.723597503087281,0.0,0.0,0.0,0.0,0.25,0.25
2010-08-10,2.386110375138311,3.1733021077283374,3.276950817445876,3.2503019934278634,1.772665388569366,1.4901043441422643,1.1,1.2,1.567216666666667,3.179763080973319,3.1239933084114213,-0.055769772561897746,0.0,0.0,0.0,0.0,0.25,0.25
2010-09-21,2.386110375138311,2.978142076502732,2.3089078046381193,2.800757571631424,1.772665388569366,1.466159527734543,1.1,1.052,1.5663858333333334,3.1796509679339557,2.934656687172321,-0.24499428076163454,0.0,0.0,0.0,0.0,0.25,0.25
2010-11-03,3.004683840749412,3.1094488678775933,2.3089078046381193,2.800757571631424,1.4624757098256707,1.2872740618405412,1.1,1.052,1.5522025,3.173273743053562,3.062084843851842,-0.1111888992017196,0.0,0.0,0.0,0.0,0.25,0.25
2010-12-14,3.004683840749412,3.239300821099779,2.2254933751611494,2.35542760988264,1.4624757098256707,1.292779154050836,0.9943,1.1,1.4988599999999999,3.173347539291882,3.187941647499315,0.01459410820743301,0.0,0.0,0.0,0.0,0.25,0.25
2011-01-26,3.004683840749412,3.247853943767112,2.2254933751611494,2.35542760988264,1.4624757098256707,1.2184604092118572,0.9943,1.1,1.3978008333333334,3.1733523968650257,3.196226058877727,0.022873662012701246,0.0,0.0,0.0,0.0,0.25,0.25
2011-03-15,3.247853943767112,2.6968277133420413,3.5428810545036105,3.462453267994012,1.2184604092118572,0.837965878905708,1.0,1.3,1.24107,3.1671667416546923,2.661104160218386,-0.5060625814363062,0.0,0.0,0.0,0.0,0.25,0.25
2011-04-27,3.247853943767112,2.7782471772025557,3.5428810545036105,3.462453267994012,1.2184604092118572,0.8078429224744686,1.0,1.3,1.1611816666666668,3.1672127582397014,2.7403541307224444,-0.426858627517257,0.0,0.0,0.0,0.0,0.25,0.25
2011-06-22,2.7782471772025557,2.306907784576981,3.205551090871234,3.399559335520926,0.8078429224744686,0.857244260012552,1.5,1.4446,1.042765,3.1610638732134655,2.2807009465717343,-0.8803629266417312,0.0,0.0,0.0,0.0,0.25,0.25
2011-08-09,2.2430571121605762,1.6204005054179298,3.205551090871234,3.399559335520926,1.0628802506466422,1.2601341843173133,1.5,1.4446,1.1560375000000003,3.146668751564663,1.607412137635933,-1.53925661392873,0.0,0.0,0.0,0.0,0.25,0.25
2011-09-21,2.2430571121605762,1.5468851705785502,2.213743679399522,2.5433337918573136,1.0628802506466422,1.2810153703686904,1.7,1.4843,1.1708891666666668,3.146627540776925,1.535042870306924,-1.611584670470001,0.0,0.0,0.0,0.0,0.25,0.25
2011-11-02,1.6334188459623942,1.6225760297117027,2.213743679399522,2.5433337918573136,1.3055280670376752,1.6401910233523351,1.7,1.4843,1.2408141666666668,3.139832651628316,1.609552948925952,-1.530279702702364,0.0,0.0,0.0,0.0,0.25,0.25
2011-12-13,1.6334188459623942,1.508417303418665,2.572272482176065,2.3965530630432443,1.3055280670376752,1.627504462950719,1.3912,1.607,1.2941175,3.1397692595612314,1.497153815304486,-1.6426154442567453,0.0,0.0,0.0,0.0,0.25,0.25
2012-01-25,1.6334188459623942,1.4612316965508843,2.572272482176065,2.3965530630432443,1.3055280670376752,1.6338477431515335,1.3912,1.607,1.3530458333333335,3.139743036692022,1.4506585802283922,-1.6890844564636298,0.0,0.0,0.0,0.0,0.25,0.25
2012-03-13,1.4612316965508843,1.6177238368353695,2.208615448802023,2.2536903848855907,1.6338477431515335,1.7958275281813734,1.6069,1.7,1.518908333333333,3.132985329454585,1.60477811550912,-1.528207213945465,0.0,0.0,0.0,0.0,0.25,0.25
2012-04-25,1.4612316965508843,1.6109139610021084,2.208615448802023,2.2536903848855907,1.6338477431515335,1.794018130168084,1.6069,1.7,1.5890199999999999,3.132981585838057,1.5980764263087366,-1.5349051595293206,0.0,0.0,0.0,0.0,0.25,0.25
2012-06-20,1.6109139610021084,1.9889778422878943,2.360993601137594,2.4840316087551115,1.794018130168084,1.9384839991709042,1.8,1.7,1.72651,3.1262391580900495,1.969456108751011,-1.1567830493390385,0.0,0.0,0.0,0.0,0.25,0.25
2012-08-01,2.446942459685374,2.2111318009453607,2.360993601137594,2.4840316087551115,1.9365070782983256,1.8055717345137505,1.8,1.7,1.7590316666666668,3.1197959119070973,2.187040758133385,-0.9327551537737122,0.0,0.0,0.0,0.0,0.25,0.25
2012-09-13,2.446942459685374,2.260134039970744,1.5944003540345146,2.1781625096637067,1.9365070782983256,1.810052061398396,1.8633,1.8,1.7684608333333331,3.1198221813897753,2.234971443906808,-0.8848507374829673,0.0,0.0,0.0,0.0,0.25,0.25
2012-10-24,2.446942459685374,2.139513143908262,1.5944003540345146,2.1781625096637067,1.9365070782983256,1.7957150153675125,1.8633,1.8,1.761845,3.1197574953965024,2.116946866343916,-1.0028106290525862,0.0,0.0,0.0,0.0,0.25,0.25
2012-12-12,2.139513143908262,2.488934312274089,1.7796977130183145,1.6897834840064507,1.7957150153675125,1.5837628636144716,1.6057,1.8,1.7555383333333332,3.113140132674763,2.4584648833462452,-0.654675249328518,0.0,0.0,0.0,0.0,0.25,0.25
2013-01-30,2.139513143908262,2.5971488475903506,1.7796977130183145,1.6897834840064507,1.7957150153675125,1.5819793468761711,1.6057,1.8,1.7366383333333335,3.1131974269780205,2.5639957352616705,-0.54920169171635,0.0,0.0,0.0,0.0,0.25,0.25
2013-03-20,2.5971488475903506,1.6055353024328491,2.12198481784342,2.3170466472303404,1.5819793468761711,1.49422222222222,1.4,1.7,1.6477575,3.1064247021381775,1.5927828995396354,-1.513641802598542,0.0,0.0,0.0,0.0,0.25,0.25
2013-05-01,1.6695186370061725,1.8043297992063076,2.12198481784342,2.3170466472303404,1.5182222222222208,1.2588179134032342,1.4,1.7,1.538773333333333,3.0998281668492167,1.7882449632560693,-1.3115832035931474,0.0,0.0,0.0,0.0,0.25,0.25
2013-06-19,1.6695186370061725,1.7754545993010802,1.807725034727009,2.322809166159222,1.5182222222222208,1.2835699510263239,1.4,1.6,1.4759608333333334,3.099813052227285,1.7598775099903818,-1.339935542236903,0.0,0.0,0.0,0.0,0.25,0.25
2013-07-31,1.6695186370061725,1.623674702363332,1.807725034727009,2.322809166159222,1.5182222222222208,1.2844539523700103,1.4,1.6,1.4184258333333333,3.0997335330311238,1.6106340735692726,-1.4890994594618512,0.0,0.0,0.0,0.0,0.25,0.25
2013-09-18,1.3152077807250173,1.6418519934922202,2.198265670630787,2.310816221472278,1.4729352946832002,1.219348787350932,1.4361,1.5,1.4765633333333337,3.1520527418719135,1.6285193406607945,-1.523533401211119,0.0,0.0,0.0,0.0,0.25,0.25
2013-10-30,1.3152077807250173,1.6334255916306384,2.198265670630787,2.310816221472278,1.4729352946832002,1.1762791677035271,1.4361,1.5,1.4209024999999997,3.152048362990123,1.6202287093882717,-1.5318196536018513,0.0,0.0,0.0,0.0,0.25,0.25
2013-12-18,1.6334255916306384,1.8346852066434918,1.8373031203095673,2.449077164263056,1.1762791677035271,1.1893294165895716,1.5,1.7,1.324655,3.1459193749783676,1.8180579218986637,-1.327861453079704,0.0,0.0,0.0,0.0,0.25,0.25
2014-01-29,1.6334255916306384,1.9653662932921288,1.8373031203095673,2.449077164263056,1.1762791677035271,1.1712081183416096,1.5,1.7,1.2724333333333333,3.1459864847420693,1.9463023493139886,-1.1996841354280807,0.0,0.0,0.0,0.0,0.25,0.25
2014-03-19,1.9653662932921288,2.530953177687967,1.988407576289008,2.967846867203897,1.1712081183416096,1.1626912070883275,1.5,1.53,1.2082183333333334,3.139994250555933,2.4994549224263807,-0.6405393281295524,0.0,0.0,0.0,0.0,0.25,0.25
2014-04-30,1.9653662932921288,2.591443795207077,1.988407576289008,2.967846867203897,1.1712081183416096,1.167444646201535,1.5,1.53,1.1780416666666664,3.1400248309265244,2.558434946222299,-0.5815898847042256,0.0,0.0,0.0,0.0,0.25,0.25
2014-06-18,2.591443795207077,2.0469843877334943,3.2671541268985234,2.8613067858442522,1.167444646201535,1.133198158079246,1.5442,1.7103,1.1797600000000001,3.133701142170242,2.0263152490461067,-1.1073858931241354,0.0,0.0,0.0,0.0,0.25,0.25
2014-07-30,2.591443795207077,1.5419760137064606,3.2671541268985234,2.8613067858442522,1.167444646201535,1.1237232570919566,1.5442,1.7103,1.2035591666666667,3.1334462715626676,1.530208378799891,-1.6032378927627766,0.0,0.0,0.0,0.0,0.25,0.25
2014-09-17,1.8875817329969693,2.484205400279362,2.9661810242904507,3.0307246019141796,1.2461413177281617,1.4800472255017645,1.8,1.9,1.35342,3.1226127114926783,2.4538507060912096,-0.6687620054014687,0.0,0.0,0.0,0.0,0.25,0.25
2014-10-29,1.8875817329969693,2.5873668832417005,2.9661810242904507,3.0307246019141796,1.2461413177281617,1.4847697756788691,1.8,1.9,1.3681333333333334,3.122663925935276,2.5544609374515304,-0.5682029884837458,0.0,0.0,0.0,0.0,0.25,0.25
2014-12-17,2.5873668832417005,2.4347429324647227,2.6773544016940387,2.7362085517502317,1.4847697756788691,1.4860896736061513,1.5905,1.7,1.4045516666666666,3.116763880078244,2.4055755522535804,-0.7111883278246633,0.0,0.0,0.0,0.0,0.25,0.25
2015-01-28,2.5873668832417005,2.6977357270958673,2.6773544016940387,2.7362085517502317,1.4847697756788691,1.476678086059559,1.5905,1.7,1.4090699999999998,3.1168932207752187,2.66198832554263,-0.4549048952325885,0.0,0.0,0.0,0.0,0.25,0.25
2015-03-18,2.6977357270958673,2.371797288297458,2.626337085264498,2.9960838432792705,1.476678086059559,1.4089659765672726,1.1961,1.405,1.409106666666667,3.111164840954217,2.3441071576588257,-0.7670576832953913,0.0,0.0,0.0,0.0,0.25,0.25
2015-04-29,2.6977357270958673,2.3780801950214245,2.626337085264498,2.9960838432792705,1.476678086059559,1.4145943359943058,1.1961,1.405,1.4235333333333333,3.111167908747281,2.3502443107581428,-0.7609235979891382,0.0,0.0,0.0,0.0,0.25,0.25
2015-06-17,2.3780801950214245,2.731229116266728,2.454521367940771,3.086582095910732,1.4145943359943058,1.3140420119339342,1.5,1.5,1.4058225,3.1051230238499095,2.694596569947727,-0.41052645390218245,0.0,0.0,0.0,0.0,0.25,0.25
2015-07-29,2.3780801950214245,2.8802971253876715,2.454521367940771,3.086582095910732,1.4145943359943058,1.3233946241185222,1.5,1.5,1.388436666666667,3.1051948538426632,2.8395962574299105,-0.26559859641275274,0.0,0.0,0.0,0.0,0.25,0.25
2015-09-17,2.876965831261246,2.658868660189286,2.6851140721801467,2.791820618399362,1.3266998341625136,1.293343222696084,1.5528,1.6071,1.3845691666666669,3.095656731432994,2.6241350824129483,-0.4715216490200458,0.0,0.0,0.0,0.0,0.25,0.25
2015-10-28,2.876965831261246,2.7173537087696156,2.6851140721801467,2.791820618399362,1.3266998341625136,1.3016873725199298,1.5528,1.6071,1.3637833333333331,3.0956846919910186,2.681089144072679,-0.4145955479183394,0.0,0.0,0.0,0.0,0.25,0.25
2015-12-16,2.7173537087696156,2.1719107836303895,2.594644447426493,2.4902744411535642,1.3016873725199298,1.2888979229802608,1.5,1.5,1.3203483333333332,3.089734728290794,2.1486608443202826,-0.9410738839705113,0.0,1.0,0.0,1.0,0.25,0.5
2016-01-27,2.7173537087696156,2.1482624713731004,2.594644447426493,2.4902744411535642,1.3016873725199298,1.2972133934511016,1.5,1.5,1.3135058333333334,3.0897234652778494,2.1255125550583287,-0.9642109102195207,1.0,0.0,1.0,0.0,0.5,0.5
2016-03-16,2.1482624713731004,1.8803323550899544,2.0064808451372786,2.4479941724360095,1.2972133934511016,1.3880440192445946,1.4,1.5366,1.3605666666666665,3.083673177399615,1.8628726338985047,-1.2208005435011104,0.0,0.0,0.0,0.0,0.5,0.5
2016-04-27,2.1482624713731004,1.9762992681748883,2.0064808451372786,2.4479941724360095,1.2972133934511016,1.376983907537466,1.4,1.5366,1.3843699999999999,3.0837185813494816,1.957024018045317,-1.1266945633041647,0.0,0.0,0.0,0.0,0.5,0.5
2016-06-15,1.9762992681748883,2.026296106272365,2.0500003031644045,2.41200320070458,1.376983907537466,1.6716011695691333,1.5451,1.7,1.4354133333333332,3.0776084506666246,2.0060399033646092,-1.0715685473020153,0.0,0.0,0.0,0.0,0.5,0.5
2016-07-27,1.9762992681748883,2.085020368046579,2.0500003031644045,2.41200320070458,1.376983907537466,1.6412585740819168,1.5451,1.7,1.4537091666666668,3.0776359546387244,2.0635813120515323,-1.0140546425871921,0.0,0.0,0.0,0.0,0.5,0.5
2016-09-21,1.5735447784129326,1.197005044521259,2.568399587332816,2.3099753441661623,1.6059426304770956,1.6089957489600866,1.6,1.6347,1.505558333333333,3.0726263921772246,1.1898976005623396,-1.882728791614885,0.0,0.0,0.0,0.0,0.5,0.5
2016-11-02,1.2757875193902468,1.5022880722459393,2.568399587332816,2.3099753441661623,1.6135667596105505,1.6880750660471975,1.6,1.6347,1.569256666666667,3.0666960211881644,1.4911154823375128,-1.5755805388506516,0.0,0.0,0.0,0.0,0.5,0.5
2016-12-14,1.2757875193902468,1.5654911303016033,2.1473084222942234,2.2199457884150045,1.6135667596105505,1.6844310831739127,1.7,1.8071,1.6019641666666669,3.066725255536773,1.5533637231413877,-1.5133615323953853,0.0,1.0,0.0,1.0,0.5,0.75
2017-02-01,1.6536107785522762,1.9047099274136243,2.1473084222942234,2.2199457884150045,1.6908080532021579,1.706707843226309,1.7,1.8071,1.6543425,3.060886004874952,1.8867974246161268,-1.1740885802588252,1.0,0.0,1.0,0.0,0.75,0.75
2017-03-15,1.6536107785522762,1.900465110638104,2.1820789298295913,2.3005321199124364,1.6908080532021579,1.6985330850629043,1.78,1.9234,1.663455,3.060884065601588,1.8826318613271553,-1.1782522042744326,0.0,1.0,0.0,1.0,0.75,1.0
2017-05-03,1.956254131116317,1.9207261724659692,2.1820789298295913,2.3005321199124364,1.7221490530905135,1.7052694361856913,1.78,1.9234,1.6831166666666668,3.054936178018264,1.9025130736457285,-1.1524231043725353,1.0,0.0,1.0,0.0,1.0,1.0
2017-06-14,1.956254131116317,2.0369137670196586,3.070790386168227,2.4711468628653153,1.7221490530905135,1.722439610688891,1.7073,1.9,1.6823858333333332,3.054988759159949,2.016446150294904,-1.0385426088650451,0.0,1.0,0.0,1.0,1.0,1.25
2017-07-26,1.956254131116317,2.1046898638426583,3.070790386168227,2.4711468628653153,1.7221490530905135,1.7025583560009765,1.7073,1.9,1.6529341666666666,3.055019403862169,2.082847215151773,-0.9721721887103962,1.0,0.0,1.0,0.0,1.25,1.25
2017-09-20,2.0010137826160554,2.199417889398986,2.6027241677296873,2.324220795824172,1.7873125220362922,1.518572829421451,1.6,1.7552,1.7220674999999999,3.05110966114579,2.1755795966846847,-0.8755300644611053,0.0,0.0,0.0,0.0,1.25,1.25
2017-11-01,2.205830990290402,2.2576866052200684,2.6027241677296873,2.324220795824172,1.5203720863283443,1.34902873511772,1.6,1.7552,1.6304775000000002,3.0455647171754308,2.232578073252789,-0.8129866439226419,0.0,0.0,0.0,0.0,1.25,1.25
2017-12-13,2.205830990290402,2.3338988307887085,2.557492320873801,2.3997688114170534,1.5203720863283443,1.3606660102050043,1.5816,1.705,1.5945958333333332,3.0455985108743366,2.307079894949382,-0.7385186159249546,0.0,1.0,0.0,1.0,1.25,1.5
2018-01-31,2.299097611965273,2.4985906232234583,2.557492320873801,2.3997688114170534,1.353504610151285,1.4872773990935384,1.5816,1.705,1.5369325,3.040140398426372,2.4678862478507924,-0.5722541505755796,1.0,0.0,1.0,0.0,1.5,1.5
2018-03-21,2.299097611965273,2.4940450122304405,2.9781444492690357,2.8384389492618767,1.353504610151285,1.499768031119515,1.8,1.9,1.5091508333333332,3.040138404000192,2.46345134609971,-0.5766870579004824,0.0,1.0,0.0,1.0,1.5,1.75
2018-05-02,2.581841767637393,2.8550206942574126,2.9781444492690357,2.8384389492618767,1.499768031119515,1.6608935074162807,1.8,1.9,1.5088116666666667,3.034829515933679,2.8150244614687736,-0.2198050544649055,1.0,0.0,1.0,0.0,1.75,1.75
2018-06-13,2.581841767637393,2.8189151902238714,2.9889242945392533,2.9447344022056194,1.499768031119515,1.6173727684519035,2.0,2.05,1.5165858333333333,3.0348138614209708,2.7799150011968976,-0.25489886022407315,0.0,1.0,0.0,1.0,1.75,2.0
2018-08-01,2.580414300535798,2.8454889234043574,2.9889242945392533,2.9447344022056194,1.7482419782983372,1.9011548030151142,2.0,2.05,1.6798049999999998,3.0371660236912623,2.8057568413956346,-0.23140918229562768,1.0,0.0,1.0,0.0,2.0,2.0
2018-09-26,2.580414300535798,2.886583329397086,3.0128166335264295,2.755254484236419,1.7482419782983372,1.9141509784263464,1.9805,2.0153,1.7236608333333334,3.0371836863282375,2.845706282520055,-0.19147740380818234,0.0,1.0,0.0,1.0,2.0,2.25
2018-11-08,2.8698065867747666,3.0387879857465716,3.0128166335264295,2.755254484236419,1.9401433292488108,1.9851621616621344,1.9805,2.0153,1.8205083333333334,3.0323886050064974,2.993531373808267,-0.03885723119823048,1.0,0.0,1.0,0.0,2.25,2.25
2018-12-19,2.8698065867747666,3.039632317326521,2.5856776370403773,2.358506665655215,1.9401433292488108,1.961110802760347,1.9885,2.1,1.8306416666666665,3.0323889642345225,2.9943508012657105,-0.03803816296881202,0.0,1.0,0.0,1.0,2.25,2.5
2019-01-30,2.8698065867747666,3.00278524569746,2.5856776370403773,2.358506665655215,1.9401433292488108,1.9833120571312197,1.9885,2.1,1.8622325,3.0323732845970452,2.958584309630119,-0.07378897496692627,1.0,0.0,1.0,0.0,2.5,2.5
2019-03-20,3.00278524569746,3.0777076824659315,1.4480308337681018,2.338070930549634,1.9833120571312197,1.9005282824378282,2.0,1.9833,1.8927433333333334,3.0276435300947036,3.0312961311178555,0.0036526010231519024,0.0,0.0,0.0,0.0,2.5,2.5
2019-05-01,2.9713849360817868,3.2108938443065034,1.4480308337681018,2.338070930549634,1.9069707511918592,1.6788414712290045,2.0,1.9833,1.8771866666666668,3.022958223700778,3.1604221995097603,0.1374639758089824,0.0,0.0,0.0,0.0,2.5,2.5
2019-06-19,2.9713849360817868,3.1846495215036184,1.8999994712435724,2.0999999926324238,1.9069707511918592,1.6193405466761785,1.6554,1.9,1.8352183333333334,3.022947261414344,3.1349911049073143,0.11204384349297047,0.0,0.0,0.0,0.0,2.5,2.5
2019-07-31,2.6522413673225143,2.2888585333959632,1.8999994712435724,2.0999999926324238,1.6228202802136888,1.5422899176898532,1.6554,1.9,1.7841508333333331,3.020057496437878,2.2630571296417656,-0.7570003667961123,0.0,-1.0,0.0,-1.0,2.5,2.25
2019-09-18,2.6522413673225143,2.2845677805866154,1.7652750764831662,1.9851729734286536,1.6228202802136888,1.5277056158677222,2.0,1.9379,1.7362033333333338,3.0200557032779907,2.258862300540798,-0.7611934027371925,-1.0,-1.0,-1.0,-1.0,2.25,2.0
2019-10-04,2.6522413673225143,2.2783198422852733,1.7652750764831662,1.9851729734286536,1.6228202802136888,1.5559627006480972,2.0,1.9379,1.7299283333333335,3.020053092051067,2.2527537259348307,-0.7672993661162364,-1.0,0.0,-1.0,0.0,2.0,2.0
2019-10-30,2.6522413673225143,2.2783198422852733,1.7652750764831662,1.9851729734286536,1.6228202802136888,1.5559627006480972,2.0,1.9379,1.7299283333333335,3.020053092051067,2.2527537259348307,-0.7672993661162364,0.0,-1.0,0.0,-1.0,2.0,1.75
2019-12-11,2.2783198422852733,2.0783954492460257,1.6408842380641016,1.8845699474232542,1.5559627006480972,1.6870051572601186,1.9,2.0126,1.6771299999999998,3.015449205919274,2.0570914923389694,-0.9583577135803045,-1.0,0.0,-1.0,0.0,1.75,1.75
2020-01-29,2.2783198422852733,2.0733347853381665,1.6408842380641016,1.8845699474232542,1.5559627006480972,1.6897290622503125,1.9,2.0126,1.6540266666666668,3.0154471042439956,2.052133744586193,-0.9633133596578025,0.0,0.0,0.0,0.0,1.75,1.75
2020-03-03,2.0733347853381665,2.3261952427731054,1.6500005202967678,2.088449628149956,1.6897290622503125,1.559505297797715,1.9,1.9,1.5951699999999998,3.010860260007009,2.2995517170169677,-0.7113085429900412,0.0,-1.0,0.0,-2.0,1.75,1.25
2020-03-15,2.0733347853381665,2.3261952427731054,1.6500005202967678,2.088449628149956,1.6897290622503125,1.559505297797715,1.9,1.9,1.5951699999999998,3.010860260007009,2.2995517170169677,-0.7113085429900412,-1.0,-1.0,-2.0,-4.0,1.25,0.25
2020-04-29,2.0733347853381665,2.334074478367997,1.6500005202967678,2.088449628149956,1.6897290622503125,1.5757783965573438,1.9,1.9,1.622495833333333,3.0108634970850146,2.307251536439203,-0.7036119606458113,-1.0,0.0,-4.0,0.0,0.25,0.25
2020-06-10,2.334074478367997,0.2505431181583984,-37.06057015257087,10.23401957809329,1.5757783965573438,1.7249463490288695,0.99,1.2974,1.592105,3.005543297226465,0.2502297821402877,-2.7553135150861774,0.0,0.0,0.0,0.0,0.25,0.25
2020-07-29,2.334074478367997,0.2646021898232618,-37.06057015257087,10.23401957809329,1.5757783965573438,1.7339633189662962,0.99,1.2974,1.5559616666666667,3.0055491439856974,0.26425273453742903,-2.7412964094482684,0.0,0.0,0.0,0.0,0.25,0.25
2020-09-16,0.3192606446731566,-9.139622784750365,17.86082832533217,5.684307107526973,1.7582872679474972,0.9761252305983946,1.455,1.3,1.4992558333333335,2.9976930526432355,-9.584617405583629,-12.582310458226864,0.0,0.0,0.0,0.0,0.25,0.25
